ISO-10303-21;
HEADER;
FILE_DESCRIPTION(('STEP AP242'),'1');
FILE_NAME('0705510001.stp','2024-11-21T03:56:10',('TraceParts'),('TraceParts S.A.'),'Spatial InterOp 3D',' ',' ');
FILE_SCHEMA(('AP242_MANAGED_MODEL_BASED_3D_ENGINEERING_MIM_LF  {1 0 10303 442 1 1 4}'));
ENDSEC;
DATA;
#1=PRODUCT_DEFINITION_CONTEXT('',#9,'design');
#2=APPLICATION_PROTOCOL_DEFINITION('INTERNATIONAL STANDARD','ap242_managed_model_based_3d_engineering',2014,#9);
#3=PRODUCT_CATEGORY_RELATIONSHIP('NONE','NONE',#10,#11);
#4=SHAPE_DEFINITION_REPRESENTATION(#12,#13);
#5= (GEOMETRIC_REPRESENTATION_CONTEXT(3)GLOBAL_UNCERTAINTY_ASSIGNED_CONTEXT((#16))GLOBAL_UNIT_ASSIGNED_CONTEXT((#18,#19,#20))REPRESENTATION_CONTEXT('NONE','WORKSPACE'));
#9=APPLICATION_CONTEXT('managed model based 3d engineering');
#10=PRODUCT_CATEGORY('part','NONE');
#11=PRODUCT_RELATED_PRODUCT_CATEGORY('detail',' ',(#22));
#12=PRODUCT_DEFINITION_SHAPE('NONE','NONE',#23);
#13=ADVANCED_BREP_SHAPE_REPRESENTATION('0705510001',(#24,#25),#5);
#16=UNCERTAINTY_MEASURE_WITH_UNIT(LENGTH_MEASURE(1.0E-06),#18,'','');
#18= (CONVERSION_BASED_UNIT('MILLIMETRE',#28)LENGTH_UNIT()NAMED_UNIT(#31));
#19= (NAMED_UNIT(#33)PLANE_ANGLE_UNIT()SI_UNIT($,.RADIAN.));
#20= (NAMED_UNIT(#33)SOLID_ANGLE_UNIT()SI_UNIT($,.STERADIAN.));
#22=PRODUCT('0705510001','0705510001','PART-0705510001-DESC',(#39));
#23=PRODUCT_DEFINITION('','NONE',#40,#1);
#24=MANIFOLD_SOLID_BREP('0705510001',#41);
#25=AXIS2_PLACEMENT_3D('',#42,#43,#44);
#28=LENGTH_MEASURE_WITH_UNIT(LENGTH_MEASURE(1.0),#45);
#31=DIMENSIONAL_EXPONENTS(1.0,0.0,0.0,0.0,0.0,0.0,0.0);
#33=DIMENSIONAL_EXPONENTS(0.0,0.0,0.0,0.0,0.0,0.0,0.0);
#39=PRODUCT_CONTEXT('',#9,'mechanical');
#40=PRODUCT_DEFINITION_FORMATION_WITH_SPECIFIED_SOURCE(' ','NONE',#22,.NOT_KNOWN.);
#41=CLOSED_SHELL('',(#46,#47,#48,#49,#50,#51,#52,#53,#54,#55,#56,#57,#58,#59,#60,#61,#62,#63,#64,#65,#66,#67,#68,#69,#70,#71,#72,#73,#74,#75,#76,#77,#78,#79,#80,#81,#82,#83,#84,#85,#86,#87,#88,#89,#90,#91,#92,#93,#94,#95,#96,#97,#98,#99,#100,#101,#102,#103,#104,#105,#106,#107,#108,#109,#110,#111,#112,#113,#114,#115,#116,#117,#118,#119,#120,#121,#122,#123,#124,#125,#126,#127,#128,#129,#130,#131,#132,#133,#134,#135,#136,#137,#138,#139,#140,#141,#142,#143,#144,#145,#146,#147,#148,#149,#150,#151,#152,#153,#154,#155,#156,#157,#158,#159,#160,#161,#162,#163,#164,#165,#166,#167,#168,#169,#170,#171,#172,#173,#174,#175,#176,#177,#178,#179,#180,#181,#182,#183,#184,#185,#186,#187,#188,#189,#190,#191,#192,#193,#194,#195,#196,#197,#198,#199,#200,#201,#202,#203,#204,#205,#206,#207,#208,#209,#210,#211,#212,#213));
#42=CARTESIAN_POINT('',(0.0,0.0,0.0));
#43=DIRECTION('',(0.0,0.0,1.0));
#44=DIRECTION('',(1.0,0.0,0.0));
#45= (NAMED_UNIT(#31)LENGTH_UNIT()SI_UNIT(.MILLI.,.METRE.));
#46=ADVANCED_FACE('',(#215),#216,.F.);
#47=ADVANCED_FACE('',(#217),#218,.T.);
#48=ADVANCED_FACE('',(#219),#220,.T.);
#49=ADVANCED_FACE('',(#221),#222,.T.);
#50=ADVANCED_FACE('',(#223),#224,.T.);
#51=ADVANCED_FACE('',(#225),#226,.T.);
#52=ADVANCED_FACE('',(#227),#228,.F.);
#53=ADVANCED_FACE('',(#229),#230,.F.);
#54=ADVANCED_FACE('',(#231),#232,.T.);
#55=ADVANCED_FACE('',(#233),#234,.T.);
#56=ADVANCED_FACE('',(#235),#236,.T.);
#57=ADVANCED_FACE('',(#237),#238,.T.);
#58=ADVANCED_FACE('',(#239),#240,.T.);
#59=ADVANCED_FACE('',(#241),#242,.T.);
#60=ADVANCED_FACE('',(#243),#244,.T.);
#61=ADVANCED_FACE('',(#245,#246),#247,.T.);
#62=ADVANCED_FACE('',(#248),#249,.F.);
#63=ADVANCED_FACE('',(#250),#251,.T.);
#64=ADVANCED_FACE('',(#252),#253,.F.);
#65=ADVANCED_FACE('',(#254),#255,.F.);
#66=ADVANCED_FACE('',(#256),#257,.T.);
#67=ADVANCED_FACE('',(#258),#259,.F.);
#68=ADVANCED_FACE('',(#260),#261,.F.);
#69=ADVANCED_FACE('',(#262),#263,.T.);
#70=ADVANCED_FACE('',(#264),#265,.F.);
#71=ADVANCED_FACE('',(#266),#267,.T.);
#72=ADVANCED_FACE('',(#268),#269,.F.);
#73=ADVANCED_FACE('',(#270),#271,.F.);
#74=ADVANCED_FACE('',(#272),#273,.T.);
#75=ADVANCED_FACE('',(#274),#275,.T.);
#76=ADVANCED_FACE('',(#276),#277,.T.);
#77=ADVANCED_FACE('',(#278),#279,.T.);
#78=ADVANCED_FACE('',(#280),#281,.T.);
#79=ADVANCED_FACE('',(#282),#283,.T.);
#80=ADVANCED_FACE('',(#284),#285,.T.);
#81=ADVANCED_FACE('',(#286),#287,.T.);
#82=ADVANCED_FACE('',(#288),#289,.T.);
#83=ADVANCED_FACE('',(#290),#291,.T.);
#84=ADVANCED_FACE('',(#292),#293,.T.);
#85=ADVANCED_FACE('',(#294),#295,.T.);
#86=ADVANCED_FACE('',(#296),#297,.T.);
#87=ADVANCED_FACE('',(#298),#299,.T.);
#88=ADVANCED_FACE('',(#300),#301,.T.);
#89=ADVANCED_FACE('',(#302),#303,.T.);
#90=ADVANCED_FACE('',(#304),#305,.T.);
#91=ADVANCED_FACE('',(#306),#307,.T.);
#92=ADVANCED_FACE('',(#308),#309,.T.);
#93=ADVANCED_FACE('',(#310),#311,.T.);
#94=ADVANCED_FACE('',(#312),#313,.F.);
#95=ADVANCED_FACE('',(#314),#315,.T.);
#96=ADVANCED_FACE('',(#316),#317,.T.);
#97=ADVANCED_FACE('',(#318),#319,.T.);
#98=ADVANCED_FACE('',(#320),#321,.F.);
#99=ADVANCED_FACE('',(#322),#323,.T.);
#100=ADVANCED_FACE('',(#324),#325,.T.);
#101=ADVANCED_FACE('',(#326),#327,.T.);
#102=ADVANCED_FACE('',(#328),#329,.T.);
#103=ADVANCED_FACE('',(#330),#331,.T.);
#104=ADVANCED_FACE('',(#332),#333,.T.);
#105=ADVANCED_FACE('',(#334),#335,.T.);
#106=ADVANCED_FACE('',(#336,#337,#338),#339,.T.);
#107=ADVANCED_FACE('',(#340),#341,.F.);
#108=ADVANCED_FACE('',(#342),#343,.F.);
#109=ADVANCED_FACE('',(#344),#345,.F.);
#110=ADVANCED_FACE('',(#346),#347,.T.);
#111=ADVANCED_FACE('',(#348),#349,.T.);
#112=ADVANCED_FACE('',(#350),#351,.T.);
#113=ADVANCED_FACE('',(#352),#353,.F.);
#114=ADVANCED_FACE('',(#354),#355,.F.);
#115=ADVANCED_FACE('',(#356),#357,.F.);
#116=ADVANCED_FACE('',(#358),#359,.T.);
#117=ADVANCED_FACE('',(#360),#361,.F.);
#118=ADVANCED_FACE('',(#362),#363,.F.);
#119=ADVANCED_FACE('',(#364),#365,.F.);
#120=ADVANCED_FACE('',(#366),#367,.T.);
#121=ADVANCED_FACE('',(#368),#369,.T.);
#122=ADVANCED_FACE('',(#370),#371,.F.);
#123=ADVANCED_FACE('',(#372),#373,.T.);
#124=ADVANCED_FACE('',(#374),#375,.F.);
#125=ADVANCED_FACE('',(#376),#377,.F.);
#126=ADVANCED_FACE('',(#378),#379,.F.);
#127=ADVANCED_FACE('',(#380),#381,.T.);
#128=ADVANCED_FACE('',(#382),#383,.F.);
#129=ADVANCED_FACE('',(#384),#385,.F.);
#130=ADVANCED_FACE('',(#386),#387,.F.);
#131=ADVANCED_FACE('',(#388),#389,.T.);
#132=ADVANCED_FACE('',(#390),#391,.T.);
#133=ADVANCED_FACE('',(#392),#393,.T.);
#134=ADVANCED_FACE('',(#394),#395,.T.);
#135=ADVANCED_FACE('',(#396),#397,.T.);
#136=ADVANCED_FACE('',(#398),#399,.T.);
#137=ADVANCED_FACE('',(#400),#401,.T.);
#138=ADVANCED_FACE('',(#402),#403,.F.);
#139=ADVANCED_FACE('',(#404),#405,.T.);
#140=ADVANCED_FACE('',(#406),#407,.T.);
#141=ADVANCED_FACE('',(#408),#409,.T.);
#142=ADVANCED_FACE('',(#410),#411,.T.);
#143=ADVANCED_FACE('',(#412),#413,.F.);
#144=ADVANCED_FACE('',(#414),#415,.F.);
#145=ADVANCED_FACE('',(#416),#417,.T.);
#146=ADVANCED_FACE('',(#418),#419,.T.);
#147=ADVANCED_FACE('',(#420),#421,.T.);
#148=ADVANCED_FACE('',(#422),#423,.F.);
#149=ADVANCED_FACE('',(#424),#425,.T.);
#150=ADVANCED_FACE('',(#426),#427,.T.);
#151=ADVANCED_FACE('',(#428),#429,.T.);
#152=ADVANCED_FACE('',(#430),#431,.F.);
#153=ADVANCED_FACE('',(#432),#433,.F.);
#154=ADVANCED_FACE('',(#434),#435,.T.);
#155=ADVANCED_FACE('',(#436),#437,.F.);
#156=ADVANCED_FACE('',(#438),#439,.F.);
#157=ADVANCED_FACE('',(#440),#441,.T.);
#158=ADVANCED_FACE('',(#442),#443,.F.);
#159=ADVANCED_FACE('',(#444),#445,.T.);
#160=ADVANCED_FACE('',(#446),#447,.F.);
#161=ADVANCED_FACE('',(#448),#449,.F.);
#162=ADVANCED_FACE('',(#450),#451,.T.);
#163=ADVANCED_FACE('',(#452),#453,.T.);
#164=ADVANCED_FACE('',(#454),#455,.T.);
#165=ADVANCED_FACE('',(#456),#457,.T.);
#166=ADVANCED_FACE('',(#458),#459,.T.);
#167=ADVANCED_FACE('',(#460),#461,.T.);
#168=ADVANCED_FACE('',(#462),#463,.T.);
#169=ADVANCED_FACE('',(#464),#465,.T.);
#170=ADVANCED_FACE('',(#466),#467,.T.);
#171=ADVANCED_FACE('',(#468),#469,.T.);
#172=ADVANCED_FACE('',(#470),#471,.F.);
#173=ADVANCED_FACE('',(#472),#473,.T.);
#174=ADVANCED_FACE('',(#474),#475,.F.);
#175=ADVANCED_FACE('',(#476),#477,.T.);
#176=ADVANCED_FACE('',(#478),#479,.F.);
#177=ADVANCED_FACE('',(#480),#481,.F.);
#178=ADVANCED_FACE('',(#482),#483,.F.);
#179=ADVANCED_FACE('',(#484),#485,.T.);
#180=ADVANCED_FACE('',(#486),#487,.F.);
#181=ADVANCED_FACE('',(#488),#489,.T.);
#182=ADVANCED_FACE('',(#490),#491,.F.);
#183=ADVANCED_FACE('',(#492),#493,.T.);
#184=ADVANCED_FACE('',(#494),#495,.T.);
#185=ADVANCED_FACE('',(#496),#497,.T.);
#186=ADVANCED_FACE('',(#498),#499,.T.);
#187=ADVANCED_FACE('',(#500),#501,.T.);
#188=ADVANCED_FACE('',(#502),#503,.T.);
#189=ADVANCED_FACE('',(#504),#505,.T.);
#190=ADVANCED_FACE('',(#506),#507,.T.);
#191=ADVANCED_FACE('',(#508),#509,.T.);
#192=ADVANCED_FACE('',(#510),#511,.T.);
#193=ADVANCED_FACE('',(#512),#513,.T.);
#194=ADVANCED_FACE('',(#514),#515,.T.);
#195=ADVANCED_FACE('',(#516),#517,.F.);
#196=ADVANCED_FACE('',(#518),#519,.T.);
#197=ADVANCED_FACE('',(#520),#521,.T.);
#198=ADVANCED_FACE('',(#522),#523,.T.);
#199=ADVANCED_FACE('',(#524),#525,.T.);
#200=ADVANCED_FACE('',(#526),#527,.T.);
#201=ADVANCED_FACE('',(#528),#529,.T.);
#202=ADVANCED_FACE('',(#530),#531,.T.);
#203=ADVANCED_FACE('',(#532),#533,.T.);
#204=ADVANCED_FACE('',(#534),#535,.T.);
#205=ADVANCED_FACE('',(#536),#537,.T.);
#206=ADVANCED_FACE('',(#538),#539,.T.);
#207=ADVANCED_FACE('',(#540),#541,.F.);
#208=ADVANCED_FACE('',(#542),#543,.T.);
#209=ADVANCED_FACE('',(#544),#545,.T.);
#210=ADVANCED_FACE('',(#546),#547,.T.);
#211=ADVANCED_FACE('',(#548),#549,.T.);
#212=ADVANCED_FACE('',(#550),#551,.T.);
#213=ADVANCED_FACE('',(#552),#553,.T.);
#215=FACE_OUTER_BOUND('',#554,.T.);
#216=PLANE('',#555);
#217=FACE_OUTER_BOUND('',#556,.T.);
#218=PLANE('',#557);
#219=FACE_OUTER_BOUND('',#558,.T.);
#220=PLANE('',#559);
#221=FACE_OUTER_BOUND('',#560,.T.);
#222=PLANE('',#561);
#223=FACE_OUTER_BOUND('',#562,.T.);
#224=PLANE('',#563);
#225=FACE_OUTER_BOUND('',#564,.T.);
#226=PLANE('',#565);
#227=FACE_OUTER_BOUND('',#566,.T.);
#228=PLANE('',#567);
#229=FACE_OUTER_BOUND('',#568,.T.);
#230=PLANE('',#569);
#231=FACE_OUTER_BOUND('',#570,.T.);
#232=PLANE('',#571);
#233=FACE_OUTER_BOUND('',#572,.T.);
#234=PLANE('',#573);
#235=FACE_OUTER_BOUND('',#574,.T.);
#236=PLANE('',#575);
#237=FACE_OUTER_BOUND('',#576,.T.);
#238=PLANE('',#577);
#239=FACE_OUTER_BOUND('',#578,.T.);
#240=PLANE('',#579);
#241=FACE_OUTER_BOUND('',#580,.T.);
#242=PLANE('',#581);
#243=FACE_OUTER_BOUND('',#582,.T.);
#244=PLANE('',#583);
#245=FACE_OUTER_BOUND('',#584,.T.);
#246=FACE_BOUND('',#585,.T.);
#247=PLANE('',#586);
#248=FACE_OUTER_BOUND('',#587,.T.);
#249=PLANE('',#588);
#250=FACE_OUTER_BOUND('',#589,.T.);
#251=PLANE('',#590);
#252=FACE_OUTER_BOUND('',#591,.T.);
#253=PLANE('',#592);
#254=FACE_OUTER_BOUND('',#593,.T.);
#255=PLANE('',#594);
#256=FACE_OUTER_BOUND('',#595,.T.);
#257=PLANE('',#596);
#258=FACE_OUTER_BOUND('',#597,.T.);
#259=PLANE('',#598);
#260=FACE_OUTER_BOUND('',#599,.T.);
#261=PLANE('',#600);
#262=FACE_OUTER_BOUND('',#601,.T.);
#263=PLANE('',#602);
#264=FACE_OUTER_BOUND('',#603,.T.);
#265=PLANE('',#604);
#266=FACE_OUTER_BOUND('',#605,.T.);
#267=PLANE('',#606);
#268=FACE_OUTER_BOUND('',#607,.T.);
#269=PLANE('',#608);
#270=FACE_OUTER_BOUND('',#609,.T.);
#271=PLANE('',#610);
#272=FACE_OUTER_BOUND('',#611,.T.);
#273=PLANE('',#612);
#274=FACE_OUTER_BOUND('',#613,.T.);
#275=PLANE('',#614);
#276=FACE_OUTER_BOUND('',#615,.T.);
#277=PLANE('',#616);
#278=FACE_OUTER_BOUND('',#617,.T.);
#279=PLANE('',#618);
#280=FACE_OUTER_BOUND('',#619,.T.);
#281=CYLINDRICAL_SURFACE('',#620,0.30000000000007);
#282=FACE_OUTER_BOUND('',#621,.T.);
#283=PLANE('',#622);
#284=FACE_OUTER_BOUND('',#623,.T.);
#285=PLANE('',#624);
#286=FACE_OUTER_BOUND('',#625,.T.);
#287=PLANE('',#626);
#288=FACE_OUTER_BOUND('',#627,.T.);
#289=PLANE('',#628);
#290=FACE_OUTER_BOUND('',#629,.T.);
#291=PLANE('',#630);
#292=FACE_OUTER_BOUND('',#631,.T.);
#293=CYLINDRICAL_SURFACE('',#632,0.30000000000007);
#294=FACE_OUTER_BOUND('',#633,.T.);
#295=PLANE('',#634);
#296=FACE_OUTER_BOUND('',#635,.T.);
#297=PLANE('',#636);
#298=FACE_OUTER_BOUND('',#637,.T.);
#299=PLANE('',#638);
#300=FACE_OUTER_BOUND('',#639,.T.);
#301=CYLINDRICAL_SURFACE('',#640,0.93999999999878);
#302=FACE_OUTER_BOUND('',#641,.T.);
#303=PLANE('',#642);
#304=FACE_OUTER_BOUND('',#643,.T.);
#305=PLANE('',#644);
#306=FACE_OUTER_BOUND('',#645,.T.);
#307=PLANE('',#646);
#308=FACE_OUTER_BOUND('',#647,.T.);
#309=PLANE('',#648);
#310=FACE_OUTER_BOUND('',#649,.T.);
#311=PLANE('',#650);
#312=FACE_OUTER_BOUND('',#651,.T.);
#313=PLANE('',#652);
#314=FACE_OUTER_BOUND('',#653,.T.);
#315=PLANE('',#654);
#316=FACE_OUTER_BOUND('',#655,.T.);
#317=PLANE('',#656);
#318=FACE_OUTER_BOUND('',#657,.T.);
#319=PLANE('',#658);
#320=FACE_OUTER_BOUND('',#659,.T.);
#321=PLANE('',#660);
#322=FACE_OUTER_BOUND('',#661,.T.);
#323=PLANE('',#662);
#324=FACE_OUTER_BOUND('',#663,.T.);
#325=PLANE('',#664);
#326=FACE_OUTER_BOUND('',#665,.T.);
#327=PLANE('',#666);
#328=FACE_OUTER_BOUND('',#667,.T.);
#329=PLANE('',#668);
#330=FACE_OUTER_BOUND('',#669,.T.);
#331=PLANE('',#670);
#332=FACE_OUTER_BOUND('',#671,.T.);
#333=PLANE('',#672);
#334=FACE_OUTER_BOUND('',#673,.T.);
#335=PLANE('',#674);
#336=FACE_OUTER_BOUND('',#675,.T.);
#337=FACE_BOUND('',#676,.T.);
#338=FACE_BOUND('',#677,.T.);
#339=PLANE('',#678);
#340=FACE_OUTER_BOUND('',#679,.T.);
#341=PLANE('',#680);
#342=FACE_OUTER_BOUND('',#681,.T.);
#343=PLANE('',#682);
#344=FACE_OUTER_BOUND('',#683,.T.);
#345=PLANE('',#684);
#346=FACE_OUTER_BOUND('',#685,.T.);
#347=PLANE('',#686);
#348=FACE_OUTER_BOUND('',#687,.T.);
#349=PLANE('',#688);
#350=FACE_OUTER_BOUND('',#689,.T.);
#351=PLANE('',#690);
#352=FACE_OUTER_BOUND('',#691,.T.);
#353=PLANE('',#692);
#354=FACE_OUTER_BOUND('',#693,.T.);
#355=PLANE('',#694);
#356=FACE_OUTER_BOUND('',#695,.T.);
#357=CYLINDRICAL_SURFACE('',#696,1.3462);
#358=FACE_OUTER_BOUND('',#697,.T.);
#359=PLANE('',#698);
#360=FACE_OUTER_BOUND('',#699,.T.);
#361=PLANE('',#700);
#362=FACE_OUTER_BOUND('',#701,.T.);
#363=CYLINDRICAL_SURFACE('',#702,1.3462);
#364=FACE_OUTER_BOUND('',#703,.T.);
#365=PLANE('',#704);
#366=FACE_OUTER_BOUND('',#705,.T.);
#367=PLANE('',#706);
#368=FACE_OUTER_BOUND('',#707,.T.);
#369=PLANE('',#708);
#370=FACE_OUTER_BOUND('',#709,.T.);
#371=PLANE('',#710);
#372=FACE_OUTER_BOUND('',#711,.T.);
#373=PLANE('',#712);
#374=FACE_OUTER_BOUND('',#713,.T.);
#375=PLANE('',#714);
#376=FACE_OUTER_BOUND('',#715,.T.);
#377=PLANE('',#716);
#378=FACE_OUTER_BOUND('',#717,.T.);
#379=PLANE('',#718);
#380=FACE_OUTER_BOUND('',#719,.T.);
#381=PLANE('',#720);
#382=FACE_OUTER_BOUND('',#721,.T.);
#383=PLANE('',#722);
#384=FACE_OUTER_BOUND('',#723,.T.);
#385=PLANE('',#724);
#386=FACE_OUTER_BOUND('',#725,.T.);
#387=PLANE('',#726);
#388=FACE_OUTER_BOUND('',#727,.T.);
#389=PLANE('',#728);
#390=FACE_OUTER_BOUND('',#729,.T.);
#391=PLANE('',#730);
#392=FACE_OUTER_BOUND('',#731,.T.);
#393=PLANE('',#732);
#394=FACE_OUTER_BOUND('',#733,.T.);
#395=PLANE('',#734);
#396=FACE_OUTER_BOUND('',#735,.T.);
#397=PLANE('',#736);
#398=FACE_OUTER_BOUND('',#737,.T.);
#399=PLANE('',#738);
#400=FACE_OUTER_BOUND('',#739,.T.);
#401=PLANE('',#740);
#402=FACE_OUTER_BOUND('',#741,.T.);
#403=PLANE('',#742);
#404=FACE_OUTER_BOUND('',#743,.T.);
#405=PLANE('',#744);
#406=FACE_OUTER_BOUND('',#745,.T.);
#407=PLANE('',#746);
#408=FACE_OUTER_BOUND('',#747,.T.);
#409=PLANE('',#748);
#410=FACE_OUTER_BOUND('',#749,.T.);
#411=PLANE('',#750);
#412=FACE_OUTER_BOUND('',#751,.T.);
#413=PLANE('',#752);
#414=FACE_OUTER_BOUND('',#753,.T.);
#415=PLANE('',#754);
#416=FACE_OUTER_BOUND('',#755,.T.);
#417=PLANE('',#756);
#418=FACE_OUTER_BOUND('',#757,.T.);
#419=PLANE('',#758);
#420=FACE_OUTER_BOUND('',#759,.T.);
#421=PLANE('',#760);
#422=FACE_OUTER_BOUND('',#761,.T.);
#423=PLANE('',#762);
#424=FACE_OUTER_BOUND('',#763,.T.);
#425=PLANE('',#764);
#426=FACE_OUTER_BOUND('',#765,.T.);
#427=PLANE('',#766);
#428=FACE_OUTER_BOUND('',#767,.T.);
#429=PLANE('',#768);
#430=FACE_OUTER_BOUND('',#769,.T.);
#431=PLANE('',#770);
#432=FACE_OUTER_BOUND('',#771,.T.);
#433=PLANE('',#772);
#434=FACE_OUTER_BOUND('',#773,.T.);
#435=PLANE('',#774);
#436=FACE_OUTER_BOUND('',#775,.T.);
#437=PLANE('',#776);
#438=FACE_OUTER_BOUND('',#777,.T.);
#439=PLANE('',#778);
#440=FACE_OUTER_BOUND('',#779,.T.);
#441=PLANE('',#780);
#442=FACE_OUTER_BOUND('',#781,.T.);
#443=PLANE('',#782);
#444=FACE_OUTER_BOUND('',#783,.T.);
#445=PLANE('',#784);
#446=FACE_OUTER_BOUND('',#785,.T.);
#447=PLANE('',#786);
#448=FACE_OUTER_BOUND('',#787,.T.);
#449=PLANE('',#788);
#450=FACE_OUTER_BOUND('',#789,.T.);
#451=PLANE('',#790);
#452=FACE_OUTER_BOUND('',#791,.T.);
#453=PLANE('',#792);
#454=FACE_OUTER_BOUND('',#793,.T.);
#455=CYLINDRICAL_SURFACE('',#794,0.30000000000007);
#456=FACE_OUTER_BOUND('',#795,.T.);
#457=PLANE('',#796);
#458=FACE_OUTER_BOUND('',#797,.T.);
#459=CYLINDRICAL_SURFACE('',#798,0.93999999999878);
#460=FACE_OUTER_BOUND('',#799,.T.);
#461=PLANE('',#800);
#462=FACE_OUTER_BOUND('',#801,.T.);
#463=PLANE('',#802);
#464=FACE_OUTER_BOUND('',#803,.T.);
#465=PLANE('',#804);
#466=FACE_OUTER_BOUND('',#805,.T.);
#467=PLANE('',#806);
#468=FACE_OUTER_BOUND('',#807,.T.);
#469=PLANE('',#808);
#470=FACE_OUTER_BOUND('',#809,.T.);
#471=PLANE('',#810);
#472=FACE_OUTER_BOUND('',#811,.T.);
#473=PLANE('',#812);
#474=FACE_OUTER_BOUND('',#813,.T.);
#475=CYLINDRICAL_SURFACE('',#814,0.2999999999988);
#476=FACE_OUTER_BOUND('',#815,.T.);
#477=CYLINDRICAL_SURFACE('',#816,0.500000000000032);
#478=FACE_OUTER_BOUND('',#817,.T.);
#479=PLANE('',#818);
#480=FACE_OUTER_BOUND('',#819,.T.);
#481=PLANE('',#820);
#482=FACE_OUTER_BOUND('',#821,.T.);
#483=PLANE('',#822);
#484=FACE_OUTER_BOUND('',#823,.T.);
#485=PLANE('',#824);
#486=FACE_OUTER_BOUND('',#825,.T.);
#487=CYLINDRICAL_SURFACE('',#826,0.2999999999988);
#488=FACE_OUTER_BOUND('',#827,.T.);
#489=CYLINDRICAL_SURFACE('',#828,0.500000000000032);
#490=FACE_OUTER_BOUND('',#829,.T.);
#491=PLANE('',#830);
#492=FACE_OUTER_BOUND('',#831,.T.);
#493=CYLINDRICAL_SURFACE('',#832,0.30000000000007);
#494=FACE_OUTER_BOUND('',#833,.T.);
#495=PLANE('',#834);
#496=FACE_OUTER_BOUND('',#835,.T.);
#497=PLANE('',#836);
#498=FACE_OUTER_BOUND('',#837,.T.);
#499=PLANE('',#838);
#500=FACE_OUTER_BOUND('',#839,.T.);
#501=PLANE('',#840);
#502=FACE_OUTER_BOUND('',#841,.T.);
#503=PLANE('',#842);
#504=FACE_OUTER_BOUND('',#843,.T.);
#505=PLANE('',#844);
#506=FACE_OUTER_BOUND('',#845,.T.);
#507=PLANE('',#846);
#508=FACE_OUTER_BOUND('',#847,.T.);
#509=PLANE('',#848);
#510=FACE_OUTER_BOUND('',#849,.T.);
#511=PLANE('',#850);
#512=FACE_OUTER_BOUND('',#851,.T.);
#513=PLANE('',#852);
#514=FACE_OUTER_BOUND('',#853,.T.);
#515=PLANE('',#854);
#516=FACE_OUTER_BOUND('',#855,.T.);
#517=CYLINDRICAL_SURFACE('',#856,0.4699);
#518=FACE_OUTER_BOUND('',#857,.T.);
#519=PLANE('',#858);
#520=FACE_OUTER_BOUND('',#859,.T.);
#521=PLANE('',#860);
#522=FACE_OUTER_BOUND('',#861,.T.);
#523=PLANE('',#862);
#524=FACE_OUTER_BOUND('',#863,.T.);
#525=PLANE('',#864);
#526=FACE_OUTER_BOUND('',#865,.T.);
#527=PLANE('',#866);
#528=FACE_OUTER_BOUND('',#867,.T.);
#529=PLANE('',#868);
#530=FACE_OUTER_BOUND('',#869,.T.);
#531=PLANE('',#870);
#532=FACE_OUTER_BOUND('',#871,.T.);
#533=PLANE('',#872);
#534=FACE_OUTER_BOUND('',#873,.T.);
#535=PLANE('',#874);
#536=FACE_OUTER_BOUND('',#875,.T.);
#537=PLANE('',#876);
#538=FACE_OUTER_BOUND('',#877,.T.);
#539=PLANE('',#878);
#540=FACE_OUTER_BOUND('',#879,.T.);
#541=CYLINDRICAL_SURFACE('',#880,0.4699);
#542=FACE_OUTER_BOUND('',#881,.T.);
#543=PLANE('',#882);
#544=FACE_OUTER_BOUND('',#883,.T.);
#545=PLANE('',#884);
#546=FACE_OUTER_BOUND('',#885,.T.);
#547=PLANE('',#886);
#548=FACE_OUTER_BOUND('',#887,.T.);
#549=PLANE('',#888);
#550=FACE_OUTER_BOUND('',#889,.T.);
#551=PLANE('',#890);
#552=FACE_OUTER_BOUND('',#891,.T.);
#553=PLANE('',#892);
#554=EDGE_LOOP('',(#893,#894,#895,#896));
#555=AXIS2_PLACEMENT_3D('',#897,#898,#899);
#556=EDGE_LOOP('',(#900,#901,#902,#903));
#557=AXIS2_PLACEMENT_3D('',#904,#905,#906);
#558=EDGE_LOOP('',(#907,#908,#909,#910,#911,#912,#913,#914,#915,#916,#917,#918,#919,#920,#921,#922,#923,#924,#925,#926,#927,#928,#929,#930,#931,#932));
#559=AXIS2_PLACEMENT_3D('',#933,#934,#935);
#560=EDGE_LOOP('',(#936,#937,#938,#939,#940,#941,#942,#943));
#561=AXIS2_PLACEMENT_3D('',#944,#945,#946);
#562=EDGE_LOOP('',(#947,#948,#949,#950,#951,#952,#953,#954,#955,#956,#957,#958,#959,#960,#961,#962));
#563=AXIS2_PLACEMENT_3D('',#963,#964,#965);
#564=EDGE_LOOP('',(#966,#967,#968,#969,#970,#971,#972,#973));
#565=AXIS2_PLACEMENT_3D('',#974,#975,#976);
#566=EDGE_LOOP('',(#977,#978,#979,#980,#981,#982,#983,#984,#985,#986,#987,#988,#989,#990,#991,#992,#993));
#567=AXIS2_PLACEMENT_3D('',#994,#995,#996);
#568=EDGE_LOOP('',(#997,#998,#999,#1000,#1001,#1002,#1003,#1004,#1005,#1006,#1007,#1008,#1009,#1010,#1011,#1012,#1013));
#569=AXIS2_PLACEMENT_3D('',#1014,#1015,#1016);
#570=EDGE_LOOP('',(#1017,#1018,#1019,#1020));
#571=AXIS2_PLACEMENT_3D('',#1021,#1022,#1023);
#572=EDGE_LOOP('',(#1024,#1025,#1026,#1027,#1028,#1029,#1030,#1031,#1032,#1033,#1034,#1035,#1036,#1037,#1038,#1039,#1040));
#573=AXIS2_PLACEMENT_3D('',#1041,#1042,#1043);
#574=EDGE_LOOP('',(#1044,#1045,#1046,#1047,#1048,#1049,#1050,#1051,#1052,#1053,#1054,#1055,#1056,#1057,#1058,#1059,#1060));
#575=AXIS2_PLACEMENT_3D('',#1061,#1062,#1063);
#576=EDGE_LOOP('',(#1064,#1065,#1066,#1067));
#577=AXIS2_PLACEMENT_3D('',#1068,#1069,#1070);
#578=EDGE_LOOP('',(#1071,#1072,#1073,#1074));
#579=AXIS2_PLACEMENT_3D('',#1075,#1076,#1077);
#580=EDGE_LOOP('',(#1078,#1079,#1080,#1081));
#581=AXIS2_PLACEMENT_3D('',#1082,#1083,#1084);
#582=EDGE_LOOP('',(#1085,#1086,#1087,#1088));
#583=AXIS2_PLACEMENT_3D('',#1089,#1090,#1091);
#584=EDGE_LOOP('',(#1092,#1093,#1094,#1095,#1096,#1097,#1098,#1099,#1100,#1101,#1102,#1103,#1104,#1105));
#585=EDGE_LOOP('',(#1106,#1107,#1108,#1109));
#586=AXIS2_PLACEMENT_3D('',#1110,#1111,#1112);
#587=EDGE_LOOP('',(#1113,#1114,#1115,#1116,#1117,#1118));
#588=AXIS2_PLACEMENT_3D('',#1119,#1120,#1121);
#589=EDGE_LOOP('',(#1122,#1123,#1124,#1125,#1126,#1127,#1128,#1129,#1130,#1131,#1132,#1133,#1134,#1135,#1136,#1137,#1138,#1139,#1140,#1141,#1142,#1143,#1144,#1145));
#590=AXIS2_PLACEMENT_3D('',#1146,#1147,#1148);
#591=EDGE_LOOP('',(#1149,#1150,#1151,#1152));
#592=AXIS2_PLACEMENT_3D('',#1153,#1154,#1155);
#593=EDGE_LOOP('',(#1156,#1157,#1158,#1159));
#594=AXIS2_PLACEMENT_3D('',#1160,#1161,#1162);
#595=EDGE_LOOP('',(#1163,#1164,#1165,#1166,#1167,#1168));
#596=AXIS2_PLACEMENT_3D('',#1169,#1170,#1171);
#597=EDGE_LOOP('',(#1172,#1173,#1174,#1175,#1176,#1177,#1178,#1179,#1180,#1181,#1182));
#598=AXIS2_PLACEMENT_3D('',#1183,#1184,#1185);
#599=EDGE_LOOP('',(#1186,#1187,#1188,#1189,#1190,#1191));
#600=AXIS2_PLACEMENT_3D('',#1192,#1193,#1194);
#601=EDGE_LOOP('',(#1195,#1196,#1197,#1198));
#602=AXIS2_PLACEMENT_3D('',#1199,#1200,#1201);
#603=EDGE_LOOP('',(#1202,#1203,#1204,#1205));
#604=AXIS2_PLACEMENT_3D('',#1206,#1207,#1208);
#605=EDGE_LOOP('',(#1209,#1210,#1211,#1212));
#606=AXIS2_PLACEMENT_3D('',#1213,#1214,#1215);
#607=EDGE_LOOP('',(#1216,#1217,#1218,#1219));
#608=AXIS2_PLACEMENT_3D('',#1220,#1221,#1222);
#609=EDGE_LOOP('',(#1223,#1224,#1225,#1226));
#610=AXIS2_PLACEMENT_3D('',#1227,#1228,#1229);
#611=EDGE_LOOP('',(#1230,#1231,#1232,#1233,#1234,#1235,#1236,#1237));
#612=AXIS2_PLACEMENT_3D('',#1238,#1239,#1240);
#613=EDGE_LOOP('',(#1241,#1242,#1243,#1244,#1245));
#614=AXIS2_PLACEMENT_3D('',#1246,#1247,#1248);
#615=EDGE_LOOP('',(#1249,#1250,#1251,#1252,#1253));
#616=AXIS2_PLACEMENT_3D('',#1254,#1255,#1256);
#617=EDGE_LOOP('',(#1257,#1258,#1259,#1260,#1261,#1262));
#618=AXIS2_PLACEMENT_3D('',#1263,#1264,#1265);
#619=EDGE_LOOP('',(#1266,#1267,#1268,#1269));
#620=AXIS2_PLACEMENT_3D('',#1270,#1271,#1272);
#621=EDGE_LOOP('',(#1273,#1274,#1275,#1276));
#622=AXIS2_PLACEMENT_3D('',#1277,#1278,#1279);
#623=EDGE_LOOP('',(#1280,#1281,#1282,#1283));
#624=AXIS2_PLACEMENT_3D('',#1284,#1285,#1286);
#625=EDGE_LOOP('',(#1287,#1288,#1289,#1290));
#626=AXIS2_PLACEMENT_3D('',#1291,#1292,#1293);
#627=EDGE_LOOP('',(#1294,#1295,#1296,#1297,#1298,#1299));
#628=AXIS2_PLACEMENT_3D('',#1300,#1301,#1302);
#629=EDGE_LOOP('',(#1303,#1304,#1305,#1306));
#630=AXIS2_PLACEMENT_3D('',#1307,#1308,#1309);
#631=EDGE_LOOP('',(#1310,#1311,#1312,#1313));
#632=AXIS2_PLACEMENT_3D('',#1314,#1315,#1316);
#633=EDGE_LOOP('',(#1317,#1318,#1319,#1320,#1321,#1322,#1323,#1324,#1325,#1326,#1327));
#634=AXIS2_PLACEMENT_3D('',#1328,#1329,#1330);
#635=EDGE_LOOP('',(#1331,#1332,#1333,#1334,#1335,#1336));
#636=AXIS2_PLACEMENT_3D('',#1337,#1338,#1339);
#637=EDGE_LOOP('',(#1340,#1341,#1342,#1343,#1344,#1345));
#638=AXIS2_PLACEMENT_3D('',#1346,#1347,#1348);
#639=EDGE_LOOP('',(#1349,#1350,#1351,#1352));
#640=AXIS2_PLACEMENT_3D('',#1353,#1354,#1355);
#641=EDGE_LOOP('',(#1356,#1357,#1358,#1359));
#642=AXIS2_PLACEMENT_3D('',#1360,#1361,#1362);
#643=EDGE_LOOP('',(#1363,#1364,#1365,#1366));
#644=AXIS2_PLACEMENT_3D('',#1367,#1368,#1369);
#645=EDGE_LOOP('',(#1370,#1371,#1372,#1373));
#646=AXIS2_PLACEMENT_3D('',#1374,#1375,#1376);
#647=EDGE_LOOP('',(#1377,#1378,#1379,#1380));
#648=AXIS2_PLACEMENT_3D('',#1381,#1382,#1383);
#649=EDGE_LOOP('',(#1384,#1385,#1386,#1387));
#650=AXIS2_PLACEMENT_3D('',#1388,#1389,#1390);
#651=EDGE_LOOP('',(#1391,#1392,#1393,#1394));
#652=AXIS2_PLACEMENT_3D('',#1395,#1396,#1397);
#653=EDGE_LOOP('',(#1398,#1399,#1400,#1401));
#654=AXIS2_PLACEMENT_3D('',#1402,#1403,#1404);
#655=EDGE_LOOP('',(#1405,#1406,#1407,#1408));
#656=AXIS2_PLACEMENT_3D('',#1409,#1410,#1411);
#657=EDGE_LOOP('',(#1412,#1413,#1414,#1415));
#658=AXIS2_PLACEMENT_3D('',#1416,#1417,#1418);
#659=EDGE_LOOP('',(#1419,#1420,#1421,#1422));
#660=AXIS2_PLACEMENT_3D('',#1423,#1424,#1425);
#661=EDGE_LOOP('',(#1426,#1427,#1428,#1429));
#662=AXIS2_PLACEMENT_3D('',#1430,#1431,#1432);
#663=EDGE_LOOP('',(#1433,#1434,#1435,#1436));
#664=AXIS2_PLACEMENT_3D('',#1437,#1438,#1439);
#665=EDGE_LOOP('',(#1440,#1441,#1442,#1443));
#666=AXIS2_PLACEMENT_3D('',#1444,#1445,#1446);
#667=EDGE_LOOP('',(#1447,#1448,#1449,#1450));
#668=AXIS2_PLACEMENT_3D('',#1451,#1452,#1453);
#669=EDGE_LOOP('',(#1454,#1455,#1456,#1457));
#670=AXIS2_PLACEMENT_3D('',#1458,#1459,#1460);
#671=EDGE_LOOP('',(#1461,#1462,#1463,#1464));
#672=AXIS2_PLACEMENT_3D('',#1465,#1466,#1467);
#673=EDGE_LOOP('',(#1468,#1469,#1470,#1471));
#674=AXIS2_PLACEMENT_3D('',#1472,#1473,#1474);
#675=EDGE_LOOP('',(#1475,#1476,#1477,#1478,#1479,#1480,#1481,#1482,#1483,#1484,#1485,#1486));
#676=EDGE_LOOP('',(#1487,#1488,#1489,#1490));
#677=EDGE_LOOP('',(#1491,#1492,#1493,#1494));
#678=AXIS2_PLACEMENT_3D('',#1495,#1496,#1497);
#679=EDGE_LOOP('',(#1498,#1499,#1500,#1501));
#680=AXIS2_PLACEMENT_3D('',#1502,#1503,#1504);
#681=EDGE_LOOP('',(#1505,#1506,#1507,#1508));
#682=AXIS2_PLACEMENT_3D('',#1509,#1510,#1511);
#683=EDGE_LOOP('',(#1512,#1513,#1514,#1515,#1516));
#684=AXIS2_PLACEMENT_3D('',#1517,#1518,#1519);
#685=EDGE_LOOP('',(#1520,#1521,#1522,#1523));
#686=AXIS2_PLACEMENT_3D('',#1524,#1525,#1526);
#687=EDGE_LOOP('',(#1527,#1528,#1529,#1530));
#688=AXIS2_PLACEMENT_3D('',#1531,#1532,#1533);
#689=EDGE_LOOP('',(#1534,#1535,#1536,#1537));
#690=AXIS2_PLACEMENT_3D('',#1538,#1539,#1540);
#691=EDGE_LOOP('',(#1541,#1542,#1543,#1544,#1545,#1546,#1547,#1548,#1549,#1550));
#692=AXIS2_PLACEMENT_3D('',#1551,#1552,#1553);
#693=EDGE_LOOP('',(#1554,#1555,#1556,#1557,#1558,#1559));
#694=AXIS2_PLACEMENT_3D('',#1560,#1561,#1562);
#695=EDGE_LOOP('',(#1563,#1564,#1565,#1566));
#696=AXIS2_PLACEMENT_3D('',#1567,#1568,#1569);
#697=EDGE_LOOP('',(#1570,#1571,#1572,#1573,#1574,#1575,#1576,#1577,#1578,#1579));
#698=AXIS2_PLACEMENT_3D('',#1580,#1581,#1582);
#699=EDGE_LOOP('',(#1583,#1584,#1585,#1586));
#700=AXIS2_PLACEMENT_3D('',#1587,#1588,#1589);
#701=EDGE_LOOP('',(#1590,#1591,#1592,#1593));
#702=AXIS2_PLACEMENT_3D('',#1594,#1595,#1596);
#703=EDGE_LOOP('',(#1597,#1598,#1599,#1600,#1601,#1602,#1603,#1604,#1605,#1606));
#704=AXIS2_PLACEMENT_3D('',#1607,#1608,#1609);
#705=EDGE_LOOP('',(#1610,#1611,#1612,#1613));
#706=AXIS2_PLACEMENT_3D('',#1614,#1615,#1616);
#707=EDGE_LOOP('',(#1617,#1618,#1619,#1620));
#708=AXIS2_PLACEMENT_3D('',#1621,#1622,#1623);
#709=EDGE_LOOP('',(#1624,#1625,#1626,#1627));
#710=AXIS2_PLACEMENT_3D('',#1628,#1629,#1630);
#711=EDGE_LOOP('',(#1631,#1632,#1633,#1634,#1635,#1636,#1637,#1638,#1639,#1640,#1641,#1642,#1643,#1644));
#712=AXIS2_PLACEMENT_3D('',#1645,#1646,#1647);
#713=EDGE_LOOP('',(#1648,#1649,#1650,#1651,#1652));
#714=AXIS2_PLACEMENT_3D('',#1653,#1654,#1655);
#715=EDGE_LOOP('',(#1656,#1657,#1658,#1659));
#716=AXIS2_PLACEMENT_3D('',#1660,#1661,#1662);
#717=EDGE_LOOP('',(#1663,#1664,#1665,#1666));
#718=AXIS2_PLACEMENT_3D('',#1667,#1668,#1669);
#719=EDGE_LOOP('',(#1670,#1671,#1672,#1673));
#720=AXIS2_PLACEMENT_3D('',#1674,#1675,#1676);
#721=EDGE_LOOP('',(#1677,#1678,#1679,#1680));
#722=AXIS2_PLACEMENT_3D('',#1681,#1682,#1683);
#723=EDGE_LOOP('',(#1684,#1685,#1686,#1687));
#724=AXIS2_PLACEMENT_3D('',#1688,#1689,#1690);
#725=EDGE_LOOP('',(#1691,#1692,#1693,#1694,#1695));
#726=AXIS2_PLACEMENT_3D('',#1696,#1697,#1698);
#727=EDGE_LOOP('',(#1699,#1700,#1701,#1702));
#728=AXIS2_PLACEMENT_3D('',#1703,#1704,#1705);
#729=EDGE_LOOP('',(#1706,#1707,#1708,#1709));
#730=AXIS2_PLACEMENT_3D('',#1710,#1711,#1712);
#731=EDGE_LOOP('',(#1713,#1714,#1715,#1716));
#732=AXIS2_PLACEMENT_3D('',#1717,#1718,#1719);
#733=EDGE_LOOP('',(#1720,#1721,#1722,#1723));
#734=AXIS2_PLACEMENT_3D('',#1724,#1725,#1726);
#735=EDGE_LOOP('',(#1727,#1728,#1729,#1730));
#736=AXIS2_PLACEMENT_3D('',#1731,#1732,#1733);
#737=EDGE_LOOP('',(#1734,#1735,#1736,#1737));
#738=AXIS2_PLACEMENT_3D('',#1738,#1739,#1740);
#739=EDGE_LOOP('',(#1741,#1742,#1743,#1744));
#740=AXIS2_PLACEMENT_3D('',#1745,#1746,#1747);
#741=EDGE_LOOP('',(#1748,#1749,#1750,#1751,#1752));
#742=AXIS2_PLACEMENT_3D('',#1753,#1754,#1755);
#743=EDGE_LOOP('',(#1756,#1757,#1758,#1759));
#744=AXIS2_PLACEMENT_3D('',#1760,#1761,#1762);
#745=EDGE_LOOP('',(#1763,#1764,#1765,#1766));
#746=AXIS2_PLACEMENT_3D('',#1767,#1768,#1769);
#747=EDGE_LOOP('',(#1770,#1771,#1772,#1773));
#748=AXIS2_PLACEMENT_3D('',#1774,#1775,#1776);
#749=EDGE_LOOP('',(#1777,#1778,#1779,#1780));
#750=AXIS2_PLACEMENT_3D('',#1781,#1782,#1783);
#751=EDGE_LOOP('',(#1784,#1785,#1786,#1787));
#752=AXIS2_PLACEMENT_3D('',#1788,#1789,#1790);
#753=EDGE_LOOP('',(#1791,#1792,#1793,#1794));
#754=AXIS2_PLACEMENT_3D('',#1795,#1796,#1797);
#755=EDGE_LOOP('',(#1798,#1799,#1800,#1801));
#756=AXIS2_PLACEMENT_3D('',#1802,#1803,#1804);
#757=EDGE_LOOP('',(#1805,#1806,#1807,#1808));
#758=AXIS2_PLACEMENT_3D('',#1809,#1810,#1811);
#759=EDGE_LOOP('',(#1812,#1813,#1814,#1815));
#760=AXIS2_PLACEMENT_3D('',#1816,#1817,#1818);
#761=EDGE_LOOP('',(#1819,#1820,#1821,#1822));
#762=AXIS2_PLACEMENT_3D('',#1823,#1824,#1825);
#763=EDGE_LOOP('',(#1826,#1827,#1828,#1829));
#764=AXIS2_PLACEMENT_3D('',#1830,#1831,#1832);
#765=EDGE_LOOP('',(#1833,#1834,#1835,#1836));
#766=AXIS2_PLACEMENT_3D('',#1837,#1838,#1839);
#767=EDGE_LOOP('',(#1840,#1841,#1842,#1843));
#768=AXIS2_PLACEMENT_3D('',#1844,#1845,#1846);
#769=EDGE_LOOP('',(#1847,#1848,#1849,#1850));
#770=AXIS2_PLACEMENT_3D('',#1851,#1852,#1853);
#771=EDGE_LOOP('',(#1854,#1855,#1856,#1857));
#772=AXIS2_PLACEMENT_3D('',#1858,#1859,#1860);
#773=EDGE_LOOP('',(#1861,#1862,#1863,#1864,#1865,#1866));
#774=AXIS2_PLACEMENT_3D('',#1867,#1868,#1869);
#775=EDGE_LOOP('',(#1870,#1871,#1872,#1873,#1874,#1875,#1876,#1877,#1878,#1879,#1880));
#776=AXIS2_PLACEMENT_3D('',#1881,#1882,#1883);
#777=EDGE_LOOP('',(#1884,#1885,#1886,#1887,#1888,#1889));
#778=AXIS2_PLACEMENT_3D('',#1890,#1891,#1892);
#779=EDGE_LOOP('',(#1893,#1894,#1895,#1896));
#780=AXIS2_PLACEMENT_3D('',#1897,#1898,#1899);
#781=EDGE_LOOP('',(#1900,#1901,#1902,#1903));
#782=AXIS2_PLACEMENT_3D('',#1904,#1905,#1906);
#783=EDGE_LOOP('',(#1907,#1908,#1909,#1910));
#784=AXIS2_PLACEMENT_3D('',#1911,#1912,#1913);
#785=EDGE_LOOP('',(#1914,#1915,#1916,#1917));
#786=AXIS2_PLACEMENT_3D('',#1918,#1919,#1920);
#787=EDGE_LOOP('',(#1921,#1922,#1923,#1924));
#788=AXIS2_PLACEMENT_3D('',#1925,#1926,#1927);
#789=EDGE_LOOP('',(#1928,#1929,#1930,#1931,#1932,#1933,#1934,#1935,#1936,#1937,#1938));
#790=AXIS2_PLACEMENT_3D('',#1939,#1940,#1941);
#791=EDGE_LOOP('',(#1942,#1943,#1944,#1945,#1946,#1947));
#792=AXIS2_PLACEMENT_3D('',#1948,#1949,#1950);
#793=EDGE_LOOP('',(#1951,#1952,#1953,#1954));
#794=AXIS2_PLACEMENT_3D('',#1955,#1956,#1957);
#795=EDGE_LOOP('',(#1958,#1959,#1960,#1961,#1962,#1963));
#796=AXIS2_PLACEMENT_3D('',#1964,#1965,#1966);
#797=EDGE_LOOP('',(#1967,#1968,#1969,#1970));
#798=AXIS2_PLACEMENT_3D('',#1971,#1972,#1973);
#799=EDGE_LOOP('',(#1974,#1975,#1976,#1977));
#800=AXIS2_PLACEMENT_3D('',#1978,#1979,#1980);
#801=EDGE_LOOP('',(#1981,#1982,#1983,#1984));
#802=AXIS2_PLACEMENT_3D('',#1985,#1986,#1987);
#803=EDGE_LOOP('',(#1988,#1989,#1990,#1991));
#804=AXIS2_PLACEMENT_3D('',#1992,#1993,#1994);
#805=EDGE_LOOP('',(#1995,#1996,#1997,#1998));
#806=AXIS2_PLACEMENT_3D('',#1999,#2000,#2001);
#807=EDGE_LOOP('',(#2002,#2003,#2004,#2005));
#808=AXIS2_PLACEMENT_3D('',#2006,#2007,#2008);
#809=EDGE_LOOP('',(#2009,#2010,#2011,#2012));
#810=AXIS2_PLACEMENT_3D('',#2013,#2014,#2015);
#811=EDGE_LOOP('',(#2016,#2017,#2018,#2019));
#812=AXIS2_PLACEMENT_3D('',#2020,#2021,#2022);
#813=EDGE_LOOP('',(#2023,#2024,#2025,#2026));
#814=AXIS2_PLACEMENT_3D('',#2027,#2028,#2029);
#815=EDGE_LOOP('',(#2030,#2031,#2032,#2033));
#816=AXIS2_PLACEMENT_3D('',#2034,#2035,#2036);
#817=EDGE_LOOP('',(#2037,#2038,#2039,#2040));
#818=AXIS2_PLACEMENT_3D('',#2041,#2042,#2043);
#819=EDGE_LOOP('',(#2044,#2045,#2046,#2047));
#820=AXIS2_PLACEMENT_3D('',#2048,#2049,#2050);
#821=EDGE_LOOP('',(#2051,#2052,#2053,#2054));
#822=AXIS2_PLACEMENT_3D('',#2055,#2056,#2057);
#823=EDGE_LOOP('',(#2058,#2059,#2060,#2061));
#824=AXIS2_PLACEMENT_3D('',#2062,#2063,#2064);
#825=EDGE_LOOP('',(#2065,#2066,#2067,#2068));
#826=AXIS2_PLACEMENT_3D('',#2069,#2070,#2071);
#827=EDGE_LOOP('',(#2072,#2073,#2074,#2075));
#828=AXIS2_PLACEMENT_3D('',#2076,#2077,#2078);
#829=EDGE_LOOP('',(#2079,#2080,#2081,#2082));
#830=AXIS2_PLACEMENT_3D('',#2083,#2084,#2085);
#831=EDGE_LOOP('',(#2086,#2087,#2088,#2089));
#832=AXIS2_PLACEMENT_3D('',#2090,#2091,#2092);
#833=EDGE_LOOP('',(#2093,#2094,#2095,#2096));
#834=AXIS2_PLACEMENT_3D('',#2097,#2098,#2099);
#835=EDGE_LOOP('',(#2100,#2101,#2102,#2103));
#836=AXIS2_PLACEMENT_3D('',#2104,#2105,#2106);
#837=EDGE_LOOP('',(#2107,#2108,#2109,#2110));
#838=AXIS2_PLACEMENT_3D('',#2111,#2112,#2113);
#839=EDGE_LOOP('',(#2114,#2115,#2116,#2117));
#840=AXIS2_PLACEMENT_3D('',#2118,#2119,#2120);
#841=EDGE_LOOP('',(#2121,#2122,#2123,#2124));
#842=AXIS2_PLACEMENT_3D('',#2125,#2126,#2127);
#843=EDGE_LOOP('',(#2128,#2129,#2130,#2131));
#844=AXIS2_PLACEMENT_3D('',#2132,#2133,#2134);
#845=EDGE_LOOP('',(#2135,#2136,#2137,#2138));
#846=AXIS2_PLACEMENT_3D('',#2139,#2140,#2141);
#847=EDGE_LOOP('',(#2142,#2143,#2144,#2145));
#848=AXIS2_PLACEMENT_3D('',#2146,#2147,#2148);
#849=EDGE_LOOP('',(#2149,#2150,#2151,#2152));
#850=AXIS2_PLACEMENT_3D('',#2153,#2154,#2155);
#851=EDGE_LOOP('',(#2156,#2157,#2158,#2159));
#852=AXIS2_PLACEMENT_3D('',#2160,#2161,#2162);
#853=EDGE_LOOP('',(#2163,#2164,#2165,#2166));
#854=AXIS2_PLACEMENT_3D('',#2167,#2168,#2169);
#855=EDGE_LOOP('',(#2170,#2171,#2172,#2173));
#856=AXIS2_PLACEMENT_3D('',#2174,#2175,#2176);
#857=EDGE_LOOP('',(#2177,#2178,#2179,#2180));
#858=AXIS2_PLACEMENT_3D('',#2181,#2182,#2183);
#859=EDGE_LOOP('',(#2184,#2185,#2186,#2187));
#860=AXIS2_PLACEMENT_3D('',#2188,#2189,#2190);
#861=EDGE_LOOP('',(#2191,#2192,#2193,#2194));
#862=AXIS2_PLACEMENT_3D('',#2195,#2196,#2197);
#863=EDGE_LOOP('',(#2198,#2199,#2200,#2201));
#864=AXIS2_PLACEMENT_3D('',#2202,#2203,#2204);
#865=EDGE_LOOP('',(#2205,#2206,#2207,#2208));
#866=AXIS2_PLACEMENT_3D('',#2209,#2210,#2211);
#867=EDGE_LOOP('',(#2212,#2213,#2214,#2215));
#868=AXIS2_PLACEMENT_3D('',#2216,#2217,#2218);
#869=EDGE_LOOP('',(#2219,#2220,#2221,#2222));
#870=AXIS2_PLACEMENT_3D('',#2223,#2224,#2225);
#871=EDGE_LOOP('',(#2226,#2227,#2228,#2229));
#872=AXIS2_PLACEMENT_3D('',#2230,#2231,#2232);
#873=EDGE_LOOP('',(#2233,#2234,#2235,#2236));
#874=AXIS2_PLACEMENT_3D('',#2237,#2238,#2239);
#875=EDGE_LOOP('',(#2240,#2241,#2242,#2243));
#876=AXIS2_PLACEMENT_3D('',#2244,#2245,#2246);
#877=EDGE_LOOP('',(#2247,#2248,#2249,#2250));
#878=AXIS2_PLACEMENT_3D('',#2251,#2252,#2253);
#879=EDGE_LOOP('',(#2254,#2255,#2256,#2257));
#880=AXIS2_PLACEMENT_3D('',#2258,#2259,#2260);
#881=EDGE_LOOP('',(#2261,#2262,#2263,#2264));
#882=AXIS2_PLACEMENT_3D('',#2265,#2266,#2267);
#883=EDGE_LOOP('',(#2268,#2269,#2270,#2271));
#884=AXIS2_PLACEMENT_3D('',#2272,#2273,#2274);
#885=EDGE_LOOP('',(#2275,#2276,#2277,#2278));
#886=AXIS2_PLACEMENT_3D('',#2279,#2280,#2281);
#887=EDGE_LOOP('',(#2282,#2283,#2284,#2285));
#888=AXIS2_PLACEMENT_3D('',#2286,#2287,#2288);
#889=EDGE_LOOP('',(#2289,#2290,#2291,#2292));
#890=AXIS2_PLACEMENT_3D('',#2293,#2294,#2295);
#891=EDGE_LOOP('',(#2296,#2297,#2298,#2299));
#892=AXIS2_PLACEMENT_3D('',#2300,#2301,#2302);
#893=ORIENTED_EDGE('',*,*,#2303,.F.);
#894=ORIENTED_EDGE('',*,*,#2304,.F.);
#895=ORIENTED_EDGE('',*,*,#2305,.F.);
#896=ORIENTED_EDGE('',*,*,#2306,.F.);
#897=CARTESIAN_POINT('',(-3.68681,0.0,0.0));
#898=DIRECTION('',(1.0,0.0,0.0));
#899=DIRECTION('',(0.0,1.0,0.0));
#900=ORIENTED_EDGE('',*,*,#2307,.F.);
#901=ORIENTED_EDGE('',*,*,#2308,.F.);
#902=ORIENTED_EDGE('',*,*,#2309,.T.);
#903=ORIENTED_EDGE('',*,*,#2306,.T.);
#904=CARTESIAN_POINT('',(-4.31681000000002,-0.94000000000005,5.715));
#905=DIRECTION('',(-0.0,1.0,0.0));
#906=DIRECTION('',(1.0,0.0,0.0));
#907=ORIENTED_EDGE('',*,*,#2310,.F.);
#908=ORIENTED_EDGE('',*,*,#2311,.F.);
#909=ORIENTED_EDGE('',*,*,#2312,.F.);
#910=ORIENTED_EDGE('',*,*,#2313,.F.);
#911=ORIENTED_EDGE('',*,*,#2314,.F.);
#912=ORIENTED_EDGE('',*,*,#2315,.F.);
#913=ORIENTED_EDGE('',*,*,#2316,.T.);
#914=ORIENTED_EDGE('',*,*,#2317,.F.);
#915=ORIENTED_EDGE('',*,*,#2303,.T.);
#916=ORIENTED_EDGE('',*,*,#2309,.F.);
#917=ORIENTED_EDGE('',*,*,#2318,.F.);
#918=ORIENTED_EDGE('',*,*,#2319,.T.);
#919=ORIENTED_EDGE('',*,*,#2320,.F.);
#920=ORIENTED_EDGE('',*,*,#2321,.F.);
#921=ORIENTED_EDGE('',*,*,#2322,.T.);
#922=ORIENTED_EDGE('',*,*,#2323,.T.);
#923=ORIENTED_EDGE('',*,*,#2324,.F.);
#924=ORIENTED_EDGE('',*,*,#2325,.T.);
#925=ORIENTED_EDGE('',*,*,#2326,.F.);
#926=ORIENTED_EDGE('',*,*,#2327,.T.);
#927=ORIENTED_EDGE('',*,*,#2328,.F.);
#928=ORIENTED_EDGE('',*,*,#2329,.F.);
#929=ORIENTED_EDGE('',*,*,#2330,.T.);
#930=ORIENTED_EDGE('',*,*,#2331,.F.);
#931=ORIENTED_EDGE('',*,*,#2332,.F.);
#932=ORIENTED_EDGE('',*,*,#2333,.T.);
#933=CARTESIAN_POINT('',(-3.68681,2.54,5.715));
#934=DIRECTION('',(0.0,0.0,1.0));
#935=DIRECTION('',(1.0,0.0,0.0));
#936=ORIENTED_EDGE('',*,*,#2334,.T.);
#937=ORIENTED_EDGE('',*,*,#2335,.T.);
#938=ORIENTED_EDGE('',*,*,#2336,.F.);
#939=ORIENTED_EDGE('',*,*,#2319,.F.);
#940=ORIENTED_EDGE('',*,*,#2337,.T.);
#941=ORIENTED_EDGE('',*,*,#2338,.T.);
#942=ORIENTED_EDGE('',*,*,#2339,.F.);
#943=ORIENTED_EDGE('',*,*,#2340,.F.);
#944=CARTESIAN_POINT('',(-3.68681,-2.54,5.715));
#945=DIRECTION('',(0.0,-1.0,0.0));
#946=DIRECTION('',(0.0,0.0,-1.0));
#947=ORIENTED_EDGE('',*,*,#2341,.T.);
#948=ORIENTED_EDGE('',*,*,#2342,.T.);
#949=ORIENTED_EDGE('',*,*,#2343,.F.);
#950=ORIENTED_EDGE('',*,*,#2344,.F.);
#951=ORIENTED_EDGE('',*,*,#2345,.T.);
#952=ORIENTED_EDGE('',*,*,#2346,.T.);
#953=ORIENTED_EDGE('',*,*,#2347,.F.);
#954=ORIENTED_EDGE('',*,*,#2330,.F.);
#955=ORIENTED_EDGE('',*,*,#2348,.T.);
#956=ORIENTED_EDGE('',*,*,#2349,.F.);
#957=ORIENTED_EDGE('',*,*,#2350,.F.);
#958=ORIENTED_EDGE('',*,*,#2322,.F.);
#959=ORIENTED_EDGE('',*,*,#2351,.T.);
#960=ORIENTED_EDGE('',*,*,#2352,.T.);
#961=ORIENTED_EDGE('',*,*,#2353,.F.);
#962=ORIENTED_EDGE('',*,*,#2354,.F.);
#963=CARTESIAN_POINT('',(-3.68681,-2.54,5.715));
#964=DIRECTION('',(0.0,-1.0,0.0));
#965=DIRECTION('',(0.0,0.0,-1.0));
#966=ORIENTED_EDGE('',*,*,#2355,.T.);
#967=ORIENTED_EDGE('',*,*,#2356,.T.);
#968=ORIENTED_EDGE('',*,*,#2357,.F.);
#969=ORIENTED_EDGE('',*,*,#2333,.F.);
#970=ORIENTED_EDGE('',*,*,#2358,.T.);
#971=ORIENTED_EDGE('',*,*,#2359,.T.);
#972=ORIENTED_EDGE('',*,*,#2360,.F.);
#973=ORIENTED_EDGE('',*,*,#2361,.F.);
#974=CARTESIAN_POINT('',(-3.68681,-2.54,5.715));
#975=DIRECTION('',(0.0,-1.0,0.0));
#976=DIRECTION('',(0.0,0.0,-1.0));
#977=ORIENTED_EDGE('',*,*,#2362,.F.);
#978=ORIENTED_EDGE('',*,*,#2363,.F.);
#979=ORIENTED_EDGE('',*,*,#2354,.T.);
#980=ORIENTED_EDGE('',*,*,#2364,.F.);
#981=ORIENTED_EDGE('',*,*,#2365,.F.);
#982=ORIENTED_EDGE('',*,*,#2366,.F.);
#983=ORIENTED_EDGE('',*,*,#2367,.F.);
#984=ORIENTED_EDGE('',*,*,#2368,.F.);
#985=ORIENTED_EDGE('',*,*,#2369,.F.);
#986=ORIENTED_EDGE('',*,*,#2370,.F.);
#987=ORIENTED_EDGE('',*,*,#2371,.F.);
#988=ORIENTED_EDGE('',*,*,#2372,.F.);
#989=ORIENTED_EDGE('',*,*,#2373,.F.);
#990=ORIENTED_EDGE('',*,*,#2374,.F.);
#991=ORIENTED_EDGE('',*,*,#2375,.F.);
#992=ORIENTED_EDGE('',*,*,#2376,.F.);
#993=ORIENTED_EDGE('',*,*,#2340,.T.);
#994=CARTESIAN_POINT('',(0.0,0.0,0.522499999999942));
#995=DIRECTION('',(0.0,0.0,1.0));
#996=DIRECTION('',(1.0,0.0,0.0));
#997=ORIENTED_EDGE('',*,*,#2377,.F.);
#998=ORIENTED_EDGE('',*,*,#2378,.F.);
#999=ORIENTED_EDGE('',*,*,#2361,.T.);
#1000=ORIENTED_EDGE('',*,*,#2379,.F.);
#1001=ORIENTED_EDGE('',*,*,#2380,.F.);
#1002=ORIENTED_EDGE('',*,*,#2381,.F.);
#1003=ORIENTED_EDGE('',*,*,#2382,.F.);
#1004=ORIENTED_EDGE('',*,*,#2383,.F.);
#1005=ORIENTED_EDGE('',*,*,#2384,.F.);
#1006=ORIENTED_EDGE('',*,*,#2385,.F.);
#1007=ORIENTED_EDGE('',*,*,#2386,.F.);
#1008=ORIENTED_EDGE('',*,*,#2387,.F.);
#1009=ORIENTED_EDGE('',*,*,#2388,.F.);
#1010=ORIENTED_EDGE('',*,*,#2389,.F.);
#1011=ORIENTED_EDGE('',*,*,#2390,.F.);
#1012=ORIENTED_EDGE('',*,*,#2391,.F.);
#1013=ORIENTED_EDGE('',*,*,#2344,.T.);
#1014=CARTESIAN_POINT('',(0.0,0.0,0.522499999999942));
#1015=DIRECTION('',(0.0,0.0,1.0));
#1016=DIRECTION('',(1.0,0.0,0.0));
#1017=ORIENTED_EDGE('',*,*,#2376,.T.);
#1018=ORIENTED_EDGE('',*,*,#2392,.T.);
#1019=ORIENTED_EDGE('',*,*,#2393,.F.);
#1020=ORIENTED_EDGE('',*,*,#2334,.F.);
#1021=CARTESIAN_POINT('',(-3.683,-2.54,0.522499999999942));
#1022=DIRECTION('',(-1.0,0.0,0.0));
#1023=DIRECTION('',(0.0,0.0,1.0));
#1024=ORIENTED_EDGE('',*,*,#2393,.T.);
#1025=ORIENTED_EDGE('',*,*,#2394,.T.);
#1026=ORIENTED_EDGE('',*,*,#2395,.T.);
#1027=ORIENTED_EDGE('',*,*,#2396,.T.);
#1028=ORIENTED_EDGE('',*,*,#2397,.T.);
#1029=ORIENTED_EDGE('',*,*,#2398,.T.);
#1030=ORIENTED_EDGE('',*,*,#2399,.T.);
#1031=ORIENTED_EDGE('',*,*,#2400,.T.);
#1032=ORIENTED_EDGE('',*,*,#2401,.T.);
#1033=ORIENTED_EDGE('',*,*,#2402,.T.);
#1034=ORIENTED_EDGE('',*,*,#2403,.T.);
#1035=ORIENTED_EDGE('',*,*,#2404,.T.);
#1036=ORIENTED_EDGE('',*,*,#2405,.T.);
#1037=ORIENTED_EDGE('',*,*,#2352,.F.);
#1038=ORIENTED_EDGE('',*,*,#2406,.T.);
#1039=ORIENTED_EDGE('',*,*,#2407,.T.);
#1040=ORIENTED_EDGE('',*,*,#2335,.F.);
#1041=CARTESIAN_POINT('',(0.0,0.0,2.42749999999994));
#1042=DIRECTION('',(0.0,0.0,1.0));
#1043=DIRECTION('',(1.0,0.0,0.0));
#1044=ORIENTED_EDGE('',*,*,#2408,.T.);
#1045=ORIENTED_EDGE('',*,*,#2409,.T.);
#1046=ORIENTED_EDGE('',*,*,#2410,.T.);
#1047=ORIENTED_EDGE('',*,*,#2411,.T.);
#1048=ORIENTED_EDGE('',*,*,#2412,.T.);
#1049=ORIENTED_EDGE('',*,*,#2413,.T.);
#1050=ORIENTED_EDGE('',*,*,#2414,.T.);
#1051=ORIENTED_EDGE('',*,*,#2415,.T.);
#1052=ORIENTED_EDGE('',*,*,#2416,.T.);
#1053=ORIENTED_EDGE('',*,*,#2417,.T.);
#1054=ORIENTED_EDGE('',*,*,#2418,.T.);
#1055=ORIENTED_EDGE('',*,*,#2419,.T.);
#1056=ORIENTED_EDGE('',*,*,#2420,.T.);
#1057=ORIENTED_EDGE('',*,*,#2359,.F.);
#1058=ORIENTED_EDGE('',*,*,#2421,.T.);
#1059=ORIENTED_EDGE('',*,*,#2422,.T.);
#1060=ORIENTED_EDGE('',*,*,#2346,.F.);
#1061=CARTESIAN_POINT('',(0.0,0.0,2.42749999999994));
#1062=DIRECTION('',(0.0,0.0,1.0));
#1063=DIRECTION('',(1.0,0.0,0.0));
#1064=ORIENTED_EDGE('',*,*,#2339,.T.);
#1065=ORIENTED_EDGE('',*,*,#2423,.F.);
#1066=ORIENTED_EDGE('',*,*,#2424,.F.);
#1067=ORIENTED_EDGE('',*,*,#2362,.T.);
#1068=CARTESIAN_POINT('',(-1.9968099999999,-2.921,5.715));
#1069=DIRECTION('',(-0.836079365513917,-0.548608507555111,0.0));
#1070=DIRECTION('',(-0.548608507555111,0.836079365513917,0.0));
#1071=ORIENTED_EDGE('',*,*,#2425,.F.);
#1072=ORIENTED_EDGE('',*,*,#2320,.T.);
#1073=ORIENTED_EDGE('',*,*,#2336,.T.);
#1074=ORIENTED_EDGE('',*,*,#2407,.F.);
#1075=CARTESIAN_POINT('',(-1.9968099999999,-2.921,5.715));
#1076=DIRECTION('',(-0.836079365513917,-0.548608507555111,0.0));
#1077=DIRECTION('',(-0.548608507555111,0.836079365513917,0.0));
#1078=ORIENTED_EDGE('',*,*,#2424,.T.);
#1079=ORIENTED_EDGE('',*,*,#2426,.F.);
#1080=ORIENTED_EDGE('',*,*,#2341,.F.);
#1081=ORIENTED_EDGE('',*,*,#2363,.T.);
#1082=CARTESIAN_POINT('',(-1.74680999999989,-2.54,5.715));
#1083=DIRECTION('',(0.836079365513917,-0.548608507555111,0.0));
#1084=DIRECTION('',(0.0,0.0,-1.0));
#1085=ORIENTED_EDGE('',*,*,#2351,.F.);
#1086=ORIENTED_EDGE('',*,*,#2321,.T.);
#1087=ORIENTED_EDGE('',*,*,#2425,.T.);
#1088=ORIENTED_EDGE('',*,*,#2406,.F.);
#1089=CARTESIAN_POINT('',(-1.74680999999989,-2.54,5.715));
#1090=DIRECTION('',(0.836079365513917,-0.548608507555111,0.0));
#1091=DIRECTION('',(0.0,0.0,-1.0));
#1092=ORIENTED_EDGE('',*,*,#2426,.T.);
#1093=ORIENTED_EDGE('',*,*,#2423,.T.);
#1094=ORIENTED_EDGE('',*,*,#2338,.F.);
#1095=ORIENTED_EDGE('',*,*,#2427,.T.);
#1096=ORIENTED_EDGE('',*,*,#2307,.T.);
#1097=ORIENTED_EDGE('',*,*,#2305,.T.);
#1098=ORIENTED_EDGE('',*,*,#2428,.T.);
#1099=ORIENTED_EDGE('',*,*,#2429,.F.);
#1100=ORIENTED_EDGE('',*,*,#2430,.T.);
#1101=ORIENTED_EDGE('',*,*,#2431,.T.);
#1102=ORIENTED_EDGE('',*,*,#2356,.F.);
#1103=ORIENTED_EDGE('',*,*,#2432,.T.);
#1104=ORIENTED_EDGE('',*,*,#2433,.T.);
#1105=ORIENTED_EDGE('',*,*,#2342,.F.);
#1106=ORIENTED_EDGE('',*,*,#2434,.T.);
#1107=ORIENTED_EDGE('',*,*,#2435,.T.);
#1108=ORIENTED_EDGE('',*,*,#2436,.F.);
#1109=ORIENTED_EDGE('',*,*,#2437,.F.);
#1110=CARTESIAN_POINT('',(-3.68681,-2.54,-5.715));
#1111=DIRECTION('',(0.0,0.0,-1.0));
#1112=DIRECTION('',(0.0,-1.0,0.0));
#1113=ORIENTED_EDGE('',*,*,#2438,.F.);
#1114=ORIENTED_EDGE('',*,*,#2439,.F.);
#1115=ORIENTED_EDGE('',*,*,#2440,.F.);
#1116=ORIENTED_EDGE('',*,*,#2441,.F.);
#1117=ORIENTED_EDGE('',*,*,#2442,.F.);
#1118=ORIENTED_EDGE('',*,*,#2437,.T.);
#1119=CARTESIAN_POINT('',(-2.921,0.0,0.0));
#1120=DIRECTION('',(1.0,0.0,0.0));
#1121=DIRECTION('',(0.0,1.0,0.0));
#1122=ORIENTED_EDGE('',*,*,#2443,.F.);
#1123=ORIENTED_EDGE('',*,*,#2444,.T.);
#1124=ORIENTED_EDGE('',*,*,#2445,.T.);
#1125=ORIENTED_EDGE('',*,*,#2446,.T.);
#1126=ORIENTED_EDGE('',*,*,#2447,.T.);
#1127=ORIENTED_EDGE('',*,*,#2448,.F.);
#1128=ORIENTED_EDGE('',*,*,#2449,.T.);
#1129=ORIENTED_EDGE('',*,*,#2450,.F.);
#1130=ORIENTED_EDGE('',*,*,#2451,.F.);
#1131=ORIENTED_EDGE('',*,*,#2452,.F.);
#1132=ORIENTED_EDGE('',*,*,#2453,.F.);
#1133=ORIENTED_EDGE('',*,*,#2454,.T.);
#1134=ORIENTED_EDGE('',*,*,#2455,.T.);
#1135=ORIENTED_EDGE('',*,*,#2456,.T.);
#1136=ORIENTED_EDGE('',*,*,#2457,.T.);
#1137=ORIENTED_EDGE('',*,*,#2458,.F.);
#1138=ORIENTED_EDGE('',*,*,#2459,.T.);
#1139=ORIENTED_EDGE('',*,*,#2460,.F.);
#1140=ORIENTED_EDGE('',*,*,#2434,.F.);
#1141=ORIENTED_EDGE('',*,*,#2442,.T.);
#1142=ORIENTED_EDGE('',*,*,#2461,.T.);
#1143=ORIENTED_EDGE('',*,*,#2462,.F.);
#1144=ORIENTED_EDGE('',*,*,#2463,.F.);
#1145=ORIENTED_EDGE('',*,*,#2464,.F.);
#1146=CARTESIAN_POINT('',(-2.921,-1.33690677876809,-5.715));
#1147=DIRECTION('',(0.0,-1.0,0.0));
#1148=DIRECTION('',(0.0,0.0,-1.0));
#1149=ORIENTED_EDGE('',*,*,#2465,.F.);
#1150=ORIENTED_EDGE('',*,*,#2466,.F.);
#1151=ORIENTED_EDGE('',*,*,#2467,.F.);
#1152=ORIENTED_EDGE('',*,*,#2464,.T.);
#1153=CARTESIAN_POINT('',(-1.589999995,0.0,0.0));
#1154=DIRECTION('',(1.0,0.0,0.0));
#1155=DIRECTION('',(0.0,1.0,0.0));
#1156=ORIENTED_EDGE('',*,*,#2468,.F.);
#1157=ORIENTED_EDGE('',*,*,#2469,.F.);
#1158=ORIENTED_EDGE('',*,*,#2470,.F.);
#1159=ORIENTED_EDGE('',*,*,#2471,.F.);
#1160=CARTESIAN_POINT('',(-1.589999995,0.0,0.0));
#1161=DIRECTION('',(1.0,0.0,0.0));
#1162=DIRECTION('',(0.0,1.0,0.0));
#1163=ORIENTED_EDGE('',*,*,#2472,.F.);
#1164=ORIENTED_EDGE('',*,*,#2473,.F.);
#1165=ORIENTED_EDGE('',*,*,#2467,.T.);
#1166=ORIENTED_EDGE('',*,*,#2474,.T.);
#1167=ORIENTED_EDGE('',*,*,#2475,.F.);
#1168=ORIENTED_EDGE('',*,*,#2476,.T.);
#1169=CARTESIAN_POINT('',(-1.589999995,-0.61999999999879,-6.85499999998782));
#1170=DIRECTION('',(0.0,0.0,1.0));
#1171=DIRECTION('',(1.0,0.0,0.0));
#1172=ORIENTED_EDGE('',*,*,#2477,.F.);
#1173=ORIENTED_EDGE('',*,*,#2478,.T.);
#1174=ORIENTED_EDGE('',*,*,#2479,.F.);
#1175=ORIENTED_EDGE('',*,*,#2480,.F.);
#1176=ORIENTED_EDGE('',*,*,#2481,.F.);
#1177=ORIENTED_EDGE('',*,*,#2482,.F.);
#1178=ORIENTED_EDGE('',*,*,#2447,.F.);
#1179=ORIENTED_EDGE('',*,*,#2483,.T.);
#1180=ORIENTED_EDGE('',*,*,#2484,.T.);
#1181=ORIENTED_EDGE('',*,*,#2485,.T.);
#1182=ORIENTED_EDGE('',*,*,#2486,.T.);
#1183=CARTESIAN_POINT('',(-0.95000000000001,0.0,0.0));
#1184=DIRECTION('',(1.0,0.0,0.0));
#1185=DIRECTION('',(0.0,1.0,0.0));
#1186=ORIENTED_EDGE('',*,*,#2487,.F.);
#1187=ORIENTED_EDGE('',*,*,#2476,.F.);
#1188=ORIENTED_EDGE('',*,*,#2445,.F.);
#1189=ORIENTED_EDGE('',*,*,#2488,.F.);
#1190=ORIENTED_EDGE('',*,*,#2489,.F.);
#1191=ORIENTED_EDGE('',*,*,#2490,.T.);
#1192=CARTESIAN_POINT('',(-0.95000000000001,0.0,0.0));
#1193=DIRECTION('',(1.0,0.0,0.0));
#1194=DIRECTION('',(0.0,1.0,0.0));
#1195=ORIENTED_EDGE('',*,*,#2491,.F.);
#1196=ORIENTED_EDGE('',*,*,#2492,.T.);
#1197=ORIENTED_EDGE('',*,*,#2493,.T.);
#1198=ORIENTED_EDGE('',*,*,#2486,.F.);
#1199=CARTESIAN_POINT('',(-1.589999995,0.31999999999999,-5.715));
#1200=DIRECTION('',(0.0,0.0,1.0));
#1201=DIRECTION('',(1.0,0.0,0.0));
#1202=ORIENTED_EDGE('',*,*,#2494,.F.);
#1203=ORIENTED_EDGE('',*,*,#2495,.T.);
#1204=ORIENTED_EDGE('',*,*,#2477,.T.);
#1205=ORIENTED_EDGE('',*,*,#2493,.F.);
#1206=CARTESIAN_POINT('',(-0.95000000000001,-0.31999999999999,-3.175));
#1207=DIRECTION('',(0.0,-1.0,0.0));
#1208=DIRECTION('',(0.0,0.0,-1.0));
#1209=ORIENTED_EDGE('',*,*,#2495,.F.);
#1210=ORIENTED_EDGE('',*,*,#2496,.T.);
#1211=ORIENTED_EDGE('',*,*,#2497,.T.);
#1212=ORIENTED_EDGE('',*,*,#2478,.F.);
#1213=CARTESIAN_POINT('',(-1.589999995,-0.31999999999999,-3.683));
#1214=DIRECTION('',(0.0,0.0,-1.0));
#1215=DIRECTION('',(0.0,-1.0,0.0));
#1216=ORIENTED_EDGE('',*,*,#2497,.F.);
#1217=ORIENTED_EDGE('',*,*,#2498,.F.);
#1218=ORIENTED_EDGE('',*,*,#2499,.F.);
#1219=ORIENTED_EDGE('',*,*,#2479,.T.);
#1220=CARTESIAN_POINT('',(-0.95000000000001,0.31999999999999,-5.37499999999882));
#1221=DIRECTION('',(-0.0,1.0,0.0));
#1222=DIRECTION('',(1.0,0.0,0.0));
#1223=ORIENTED_EDGE('',*,*,#2480,.T.);
#1224=ORIENTED_EDGE('',*,*,#2499,.T.);
#1225=ORIENTED_EDGE('',*,*,#2500,.F.);
#1226=ORIENTED_EDGE('',*,*,#2501,.T.);
#1227=CARTESIAN_POINT('',(-0.95000000000001,0.747509593462202,-6.8326));
#1228=DIRECTION('',(0.0,0.959578418051884,0.281441396402595));
#1229=DIRECTION('',(1.0,0.0,-0.0));
#1230=ORIENTED_EDGE('',*,*,#2502,.F.);
#1231=ORIENTED_EDGE('',*,*,#2439,.T.);
#1232=ORIENTED_EDGE('',*,*,#2503,.T.);
#1233=ORIENTED_EDGE('',*,*,#2504,.F.);
#1234=ORIENTED_EDGE('',*,*,#2505,.F.);
#1235=ORIENTED_EDGE('',*,*,#2506,.F.);
#1236=ORIENTED_EDGE('',*,*,#2507,.F.);
#1237=ORIENTED_EDGE('',*,*,#2501,.F.);
#1238=CARTESIAN_POINT('',(-2.921,0.747509593462202,-6.8326));
#1239=DIRECTION('',(0.0,0.0,-1.0));
#1240=DIRECTION('',(0.0,-1.0,0.0));
#1241=ORIENTED_EDGE('',*,*,#2508,.T.);
#1242=ORIENTED_EDGE('',*,*,#2505,.T.);
#1243=ORIENTED_EDGE('',*,*,#2509,.F.);
#1244=ORIENTED_EDGE('',*,*,#2510,.F.);
#1245=ORIENTED_EDGE('',*,*,#2511,.T.);
#1246=CARTESIAN_POINT('',(-2.921,0.747509593462202,-7.874));
#1247=DIRECTION('',(-0.0,1.0,0.0));
#1248=DIRECTION('',(1.0,0.0,0.0));
#1249=ORIENTED_EDGE('',*,*,#2512,.F.);
#1250=ORIENTED_EDGE('',*,*,#2440,.T.);
#1251=ORIENTED_EDGE('',*,*,#2502,.T.);
#1252=ORIENTED_EDGE('',*,*,#2513,.F.);
#1253=ORIENTED_EDGE('',*,*,#2514,.T.);
#1254=CARTESIAN_POINT('',(-2.921,0.747509593462202,-7.874));
#1255=DIRECTION('',(-0.0,1.0,0.0));
#1256=DIRECTION('',(1.0,0.0,0.0));
#1257=ORIENTED_EDGE('',*,*,#2481,.T.);
#1258=ORIENTED_EDGE('',*,*,#2507,.T.);
#1259=ORIENTED_EDGE('',*,*,#2515,.F.);
#1260=ORIENTED_EDGE('',*,*,#2516,.T.);
#1261=ORIENTED_EDGE('',*,*,#2517,.F.);
#1262=ORIENTED_EDGE('',*,*,#2518,.T.);
#1263=CARTESIAN_POINT('',(-2.921,0.747509593462202,-7.874));
#1264=DIRECTION('',(-0.0,1.0,0.0));
#1265=DIRECTION('',(1.0,0.0,0.0));
#1266=ORIENTED_EDGE('',*,*,#2519,.T.);
#1267=ORIENTED_EDGE('',*,*,#2511,.F.);
#1268=ORIENTED_EDGE('',*,*,#2520,.F.);
#1269=ORIENTED_EDGE('',*,*,#2458,.T.);
#1270=CARTESIAN_POINT('',(1.89000000000006,0.747509593462202,-7.5740000000012));
#1271=DIRECTION('',(-0.0,-1.0,0.0));
#1272=DIRECTION('',(-1.0,0.0,0.0));
#1273=ORIENTED_EDGE('',*,*,#2510,.T.);
#1274=ORIENTED_EDGE('',*,*,#2521,.F.);
#1275=ORIENTED_EDGE('',*,*,#2459,.F.);
#1276=ORIENTED_EDGE('',*,*,#2520,.T.);
#1277=CARTESIAN_POINT('',(-2.921,-1.33690677876809,-7.874));
#1278=DIRECTION('',(0.0,0.0,-1.0));
#1279=DIRECTION('',(0.0,-1.0,0.0));
#1280=ORIENTED_EDGE('',*,*,#2461,.F.);
#1281=ORIENTED_EDGE('',*,*,#2441,.T.);
#1282=ORIENTED_EDGE('',*,*,#2512,.T.);
#1283=ORIENTED_EDGE('',*,*,#2522,.F.);
#1284=CARTESIAN_POINT('',(-2.921,-1.33690677876809,-7.874));
#1285=DIRECTION('',(0.0,0.0,-1.0));
#1286=DIRECTION('',(0.0,-1.0,0.0));
#1287=ORIENTED_EDGE('',*,*,#2517,.T.);
#1288=ORIENTED_EDGE('',*,*,#2523,.F.);
#1289=ORIENTED_EDGE('',*,*,#2449,.F.);
#1290=ORIENTED_EDGE('',*,*,#2524,.T.);
#1291=CARTESIAN_POINT('',(-2.921,-1.33690677876809,-7.874));
#1292=DIRECTION('',(0.0,0.0,-1.0));
#1293=DIRECTION('',(0.0,-1.0,0.0));
#1294=ORIENTED_EDGE('',*,*,#2460,.T.);
#1295=ORIENTED_EDGE('',*,*,#2521,.T.);
#1296=ORIENTED_EDGE('',*,*,#2509,.T.);
#1297=ORIENTED_EDGE('',*,*,#2504,.T.);
#1298=ORIENTED_EDGE('',*,*,#2525,.T.);
#1299=ORIENTED_EDGE('',*,*,#2435,.F.);
#1300=CARTESIAN_POINT('',(2.921,0.0,0.0));
#1301=DIRECTION('',(1.0,0.0,0.0));
#1302=DIRECTION('',(0.0,1.0,0.0));
#1303=ORIENTED_EDGE('',*,*,#2525,.F.);
#1304=ORIENTED_EDGE('',*,*,#2503,.F.);
#1305=ORIENTED_EDGE('',*,*,#2438,.T.);
#1306=ORIENTED_EDGE('',*,*,#2436,.T.);
#1307=CARTESIAN_POINT('',(-2.921,1.53573427203662,-6.8326));
#1308=DIRECTION('',(-0.0,1.0,0.0));
#1309=DIRECTION('',(1.0,0.0,0.0));
#1310=ORIENTED_EDGE('',*,*,#2522,.T.);
#1311=ORIENTED_EDGE('',*,*,#2514,.F.);
#1312=ORIENTED_EDGE('',*,*,#2526,.F.);
#1313=ORIENTED_EDGE('',*,*,#2462,.T.);
#1314=CARTESIAN_POINT('',(-1.89000000000006,0.747509593462202,-7.5740000000012));
#1315=DIRECTION('',(-0.0,-1.0,0.0));
#1316=DIRECTION('',(-1.0,0.0,0.0));
#1317=ORIENTED_EDGE('',*,*,#2527,.F.);
#1318=ORIENTED_EDGE('',*,*,#2528,.F.);
#1319=ORIENTED_EDGE('',*,*,#2529,.F.);
#1320=ORIENTED_EDGE('',*,*,#2463,.T.);
#1321=ORIENTED_EDGE('',*,*,#2526,.T.);
#1322=ORIENTED_EDGE('',*,*,#2513,.T.);
#1323=ORIENTED_EDGE('',*,*,#2500,.T.);
#1324=ORIENTED_EDGE('',*,*,#2498,.T.);
#1325=ORIENTED_EDGE('',*,*,#2496,.F.);
#1326=ORIENTED_EDGE('',*,*,#2494,.T.);
#1327=ORIENTED_EDGE('',*,*,#2492,.F.);
#1328=CARTESIAN_POINT('',(-1.58999999999999,0.0,0.0));
#1329=DIRECTION('',(1.0,0.0,0.0));
#1330=DIRECTION('',(0.0,1.0,0.0));
#1331=ORIENTED_EDGE('',*,*,#2530,.T.);
#1332=ORIENTED_EDGE('',*,*,#2531,.T.);
#1333=ORIENTED_EDGE('',*,*,#2443,.T.);
#1334=ORIENTED_EDGE('',*,*,#2473,.T.);
#1335=ORIENTED_EDGE('',*,*,#2532,.T.);
#1336=ORIENTED_EDGE('',*,*,#2533,.F.);
#1337=CARTESIAN_POINT('',(-1.58999999999999,0.0,0.0));
#1338=DIRECTION('',(1.0,0.0,0.0));
#1339=DIRECTION('',(0.0,1.0,0.0));
#1340=ORIENTED_EDGE('',*,*,#2534,.F.);
#1341=ORIENTED_EDGE('',*,*,#2535,.F.);
#1342=ORIENTED_EDGE('',*,*,#2465,.T.);
#1343=ORIENTED_EDGE('',*,*,#2529,.T.);
#1344=ORIENTED_EDGE('',*,*,#2536,.T.);
#1345=ORIENTED_EDGE('',*,*,#2483,.F.);
#1346=CARTESIAN_POINT('',(-1.589999995,-6.22200000000102,-7.4949999999878));
#1347=DIRECTION('',(0.0,0.0,-1.0));
#1348=DIRECTION('',(0.0,-1.0,0.0));
#1349=ORIENTED_EDGE('',*,*,#2536,.F.);
#1350=ORIENTED_EDGE('',*,*,#2528,.T.);
#1351=ORIENTED_EDGE('',*,*,#2537,.T.);
#1352=ORIENTED_EDGE('',*,*,#2484,.F.);
#1353=CARTESIAN_POINT('',(-1.589999995,-0.61999999999879,-6.55499999998902));
#1354=DIRECTION('',(-1.0,0.0,-0.0));
#1355=DIRECTION('',(0.0,0.0,-1.0));
#1356=ORIENTED_EDGE('',*,*,#2537,.F.);
#1357=ORIENTED_EDGE('',*,*,#2527,.T.);
#1358=ORIENTED_EDGE('',*,*,#2491,.T.);
#1359=ORIENTED_EDGE('',*,*,#2485,.F.);
#1360=CARTESIAN_POINT('',(-1.589999995,0.31999999999999,-6.55499999998902));
#1361=DIRECTION('',(-0.0,1.0,0.0));
#1362=DIRECTION('',(1.0,0.0,0.0));
#1363=ORIENTED_EDGE('',*,*,#2538,.T.);
#1364=ORIENTED_EDGE('',*,*,#2539,.F.);
#1365=ORIENTED_EDGE('',*,*,#2540,.F.);
#1366=ORIENTED_EDGE('',*,*,#2535,.T.);
#1367=CARTESIAN_POINT('',(-1.5899999954605,-5.62200000000088,-7.4949999999878));
#1368=DIRECTION('',(0.0,-0.316227766016808,-0.948683298050524));
#1369=DIRECTION('',(0.0,-0.948683298050524,0.316227766016808));
#1370=ORIENTED_EDGE('',*,*,#2540,.T.);
#1371=ORIENTED_EDGE('',*,*,#2541,.F.);
#1372=ORIENTED_EDGE('',*,*,#2542,.F.);
#1373=ORIENTED_EDGE('',*,*,#2466,.T.);
#1374=CARTESIAN_POINT('',(-1.589999995,-5.62200000000088,-6.85499999998782));
#1375=DIRECTION('',(-0.948683298050524,-0.316227766016808,0.0));
#1376=DIRECTION('',(-0.316227766016808,0.948683298050524,0.0));
#1377=ORIENTED_EDGE('',*,*,#2543,.T.);
#1378=ORIENTED_EDGE('',*,*,#2474,.F.);
#1379=ORIENTED_EDGE('',*,*,#2542,.T.);
#1380=ORIENTED_EDGE('',*,*,#2544,.T.);
#1381=CARTESIAN_POINT('',(-1.5899999954605,-6.22200000000102,-7.05499999998702));
#1382=DIRECTION('',(0.0,-0.316227766016808,0.948683298050524));
#1383=DIRECTION('',(-1.0,0.0,0.0));
#1384=ORIENTED_EDGE('',*,*,#2539,.T.);
#1385=ORIENTED_EDGE('',*,*,#2545,.F.);
#1386=ORIENTED_EDGE('',*,*,#2544,.F.);
#1387=ORIENTED_EDGE('',*,*,#2541,.T.);
#1388=CARTESIAN_POINT('',(-1.589999995,-6.22200000000102,-6.85499999998782));
#1389=DIRECTION('',(0.0,-1.0,0.0));
#1390=DIRECTION('',(0.0,0.0,-1.0));
#1391=ORIENTED_EDGE('',*,*,#2543,.F.);
#1392=ORIENTED_EDGE('',*,*,#2545,.T.);
#1393=ORIENTED_EDGE('',*,*,#2538,.F.);
#1394=ORIENTED_EDGE('',*,*,#2546,.F.);
#1395=CARTESIAN_POINT('',(-0.950000005,-5.62200000000088,-6.85499999998782));
#1396=DIRECTION('',(-0.948683298050524,0.316227766016808,0.0));
#1397=DIRECTION('',(0.0,0.0,1.0));
#1398=ORIENTED_EDGE('',*,*,#2475,.T.);
#1399=ORIENTED_EDGE('',*,*,#2546,.T.);
#1400=ORIENTED_EDGE('',*,*,#2534,.T.);
#1401=ORIENTED_EDGE('',*,*,#2446,.F.);
#1402=CARTESIAN_POINT('',(-0.950000005,0.0,0.0));
#1403=DIRECTION('',(1.0,0.0,0.0));
#1404=DIRECTION('',(0.0,1.0,0.0));
#1405=ORIENTED_EDGE('',*,*,#2547,.T.);
#1406=ORIENTED_EDGE('',*,*,#2548,.T.);
#1407=ORIENTED_EDGE('',*,*,#2549,.T.);
#1408=ORIENTED_EDGE('',*,*,#2550,.T.);
#1409=CARTESIAN_POINT('',(-0.950000005,0.0,0.0));
#1410=DIRECTION('',(1.0,0.0,0.0));
#1411=DIRECTION('',(0.0,1.0,0.0));
#1412=ORIENTED_EDGE('',*,*,#2551,.F.);
#1413=ORIENTED_EDGE('',*,*,#2552,.T.);
#1414=ORIENTED_EDGE('',*,*,#2553,.T.);
#1415=ORIENTED_EDGE('',*,*,#2550,.F.);
#1416=CARTESIAN_POINT('',(-0.750000000000048,-0.31999999999999,-3.175));
#1417=DIRECTION('',(-0.707106781186547,0.0,0.707106781186547));
#1418=DIRECTION('',(0.0,1.0,0.0));
#1419=ORIENTED_EDGE('',*,*,#2553,.F.);
#1420=ORIENTED_EDGE('',*,*,#2554,.F.);
#1421=ORIENTED_EDGE('',*,*,#2555,.T.);
#1422=ORIENTED_EDGE('',*,*,#2556,.T.);
#1423=CARTESIAN_POINT('',(-1.58999999999999,0.519999999999952,-3.175));
#1424=DIRECTION('',(0.0,0.707106781186547,-0.707106781186547));
#1425=DIRECTION('',(-1.0,0.0,0.0));
#1426=ORIENTED_EDGE('',*,*,#2470,.T.);
#1427=ORIENTED_EDGE('',*,*,#2557,.T.);
#1428=ORIENTED_EDGE('',*,*,#2547,.F.);
#1429=ORIENTED_EDGE('',*,*,#2556,.F.);
#1430=CARTESIAN_POINT('',(-1.589999995,0.31999999999999,-3.683));
#1431=DIRECTION('',(-0.0,1.0,0.0));
#1432=DIRECTION('',(1.0,0.0,0.0));
#1433=ORIENTED_EDGE('',*,*,#2558,.T.);
#1434=ORIENTED_EDGE('',*,*,#2557,.F.);
#1435=ORIENTED_EDGE('',*,*,#2559,.T.);
#1436=ORIENTED_EDGE('',*,*,#2560,.T.);
#1437=CARTESIAN_POINT('',(-1.589999995,0.120000000000003,2.921));
#1438=DIRECTION('',(0.0,0.948683298050524,0.316227766016808));
#1439=DIRECTION('',(1.0,0.0,-0.0));
#1440=ORIENTED_EDGE('',*,*,#2561,.T.);
#1441=ORIENTED_EDGE('',*,*,#2562,.F.);
#1442=ORIENTED_EDGE('',*,*,#2560,.F.);
#1443=ORIENTED_EDGE('',*,*,#2563,.T.);
#1444=CARTESIAN_POINT('',(-1.589999995,0.31999999999999,2.921));
#1445=DIRECTION('',(0.0,0.0,1.0));
#1446=DIRECTION('',(1.0,0.0,0.0));
#1447=ORIENTED_EDGE('',*,*,#2564,.T.);
#1448=ORIENTED_EDGE('',*,*,#2563,.F.);
#1449=ORIENTED_EDGE('',*,*,#2559,.F.);
#1450=ORIENTED_EDGE('',*,*,#2469,.T.);
#1451=CARTESIAN_POINT('',(-1.589999995,0.31999999999999,2.32100000000011));
#1452=DIRECTION('',(-0.948683298050524,0.0,0.316227766016808));
#1453=DIRECTION('',(0.0,1.0,0.0));
#1454=ORIENTED_EDGE('',*,*,#2565,.T.);
#1455=ORIENTED_EDGE('',*,*,#2561,.F.);
#1456=ORIENTED_EDGE('',*,*,#2564,.F.);
#1457=ORIENTED_EDGE('',*,*,#2566,.T.);
#1458=CARTESIAN_POINT('',(-1.589999995,-0.31999999999999,2.32100000000011));
#1459=DIRECTION('',(0.0,-0.948683298050524,0.316227766016808));
#1460=DIRECTION('',(-1.0,0.0,0.0));
#1461=ORIENTED_EDGE('',*,*,#2549,.F.);
#1462=ORIENTED_EDGE('',*,*,#2566,.F.);
#1463=ORIENTED_EDGE('',*,*,#2468,.T.);
#1464=ORIENTED_EDGE('',*,*,#2567,.T.);
#1465=CARTESIAN_POINT('',(-1.589999995,-0.31999999999999,2.921));
#1466=DIRECTION('',(0.0,-1.0,0.0));
#1467=DIRECTION('',(0.0,0.0,-1.0));
#1468=ORIENTED_EDGE('',*,*,#2568,.F.);
#1469=ORIENTED_EDGE('',*,*,#2569,.T.);
#1470=ORIENTED_EDGE('',*,*,#2551,.T.);
#1471=ORIENTED_EDGE('',*,*,#2567,.F.);
#1472=CARTESIAN_POINT('',(-1.58999999999999,-0.519999999999952,-3.175));
#1473=DIRECTION('',(0.0,0.707106781186547,0.707106781186547));
#1474=DIRECTION('',(1.0,0.0,-0.0));
#1475=ORIENTED_EDGE('',*,*,#2570,.T.);
#1476=ORIENTED_EDGE('',*,*,#2571,.T.);
#1477=ORIENTED_EDGE('',*,*,#2572,.F.);
#1478=ORIENTED_EDGE('',*,*,#2573,.T.);
#1479=ORIENTED_EDGE('',*,*,#2574,.T.);
#1480=ORIENTED_EDGE('',*,*,#2575,.T.);
#1481=ORIENTED_EDGE('',*,*,#2576,.T.);
#1482=ORIENTED_EDGE('',*,*,#2577,.T.);
#1483=ORIENTED_EDGE('',*,*,#2578,.T.);
#1484=ORIENTED_EDGE('',*,*,#2349,.T.);
#1485=ORIENTED_EDGE('',*,*,#2579,.T.);
#1486=ORIENTED_EDGE('',*,*,#2580,.T.);
#1487=ORIENTED_EDGE('',*,*,#2581,.F.);
#1488=ORIENTED_EDGE('',*,*,#2582,.T.);
#1489=ORIENTED_EDGE('',*,*,#2583,.T.);
#1490=ORIENTED_EDGE('',*,*,#2584,.F.);
#1491=ORIENTED_EDGE('',*,*,#2569,.F.);
#1492=ORIENTED_EDGE('',*,*,#2585,.T.);
#1493=ORIENTED_EDGE('',*,*,#2554,.T.);
#1494=ORIENTED_EDGE('',*,*,#2552,.F.);
#1495=CARTESIAN_POINT('',(-3.68681,2.54,-3.175));
#1496=DIRECTION('',(0.0,0.0,1.0));
#1497=DIRECTION('',(1.0,0.0,0.0));
#1498=ORIENTED_EDGE('',*,*,#2577,.F.);
#1499=ORIENTED_EDGE('',*,*,#2586,.F.);
#1500=ORIENTED_EDGE('',*,*,#2587,.T.);
#1501=ORIENTED_EDGE('',*,*,#2588,.F.);
#1502=CARTESIAN_POINT('',(-2.667,-1.397,5.715));
#1503=DIRECTION('',(0.0,-1.0,0.0));
#1504=DIRECTION('',(0.0,0.0,-1.0));
#1505=ORIENTED_EDGE('',*,*,#2589,.T.);
#1506=ORIENTED_EDGE('',*,*,#2590,.T.);
#1507=ORIENTED_EDGE('',*,*,#2580,.F.);
#1508=ORIENTED_EDGE('',*,*,#2591,.T.);
#1509=CARTESIAN_POINT('',(-2.667,-1.397,5.715));
#1510=DIRECTION('',(0.0,-1.0,0.0));
#1511=DIRECTION('',(0.0,0.0,-1.0));
#1512=ORIENTED_EDGE('',*,*,#2350,.T.);
#1513=ORIENTED_EDGE('',*,*,#2578,.F.);
#1514=ORIENTED_EDGE('',*,*,#2588,.T.);
#1515=ORIENTED_EDGE('',*,*,#2592,.F.);
#1516=ORIENTED_EDGE('',*,*,#2323,.F.);
#1517=CARTESIAN_POINT('',(-0.551810000000094,-1.397,5.715));
#1518=DIRECTION('',(-1.0,0.0,0.0));
#1519=DIRECTION('',(0.0,0.0,1.0));
#1520=ORIENTED_EDGE('',*,*,#2587,.F.);
#1521=ORIENTED_EDGE('',*,*,#2593,.T.);
#1522=ORIENTED_EDGE('',*,*,#2324,.T.);
#1523=ORIENTED_EDGE('',*,*,#2592,.T.);
#1524=CARTESIAN_POINT('',(-2.667,-1.89700000000003,5.715));
#1525=DIRECTION('',(0.0,0.707106781186547,0.707106781186547));
#1526=DIRECTION('',(1.0,0.0,-0.0));
#1527=ORIENTED_EDGE('',*,*,#2328,.T.);
#1528=ORIENTED_EDGE('',*,*,#2594,.T.);
#1529=ORIENTED_EDGE('',*,*,#2589,.F.);
#1530=ORIENTED_EDGE('',*,*,#2595,.F.);
#1531=CARTESIAN_POINT('',(-2.667,-1.89700000000003,5.715));
#1532=DIRECTION('',(0.0,0.707106781186547,0.707106781186547));
#1533=DIRECTION('',(1.0,0.0,-0.0));
#1534=ORIENTED_EDGE('',*,*,#2596,.F.);
#1535=ORIENTED_EDGE('',*,*,#2325,.F.);
#1536=ORIENTED_EDGE('',*,*,#2593,.F.);
#1537=ORIENTED_EDGE('',*,*,#2597,.T.);
#1538=CARTESIAN_POINT('',(-2.667,-1.397,5.21499999999946));
#1539=DIRECTION('',(0.707106781186547,0.0,0.707106781186547));
#1540=DIRECTION('',(0.0,-1.0,0.0));
#1541=ORIENTED_EDGE('',*,*,#2597,.F.);
#1542=ORIENTED_EDGE('',*,*,#2586,.T.);
#1543=ORIENTED_EDGE('',*,*,#2576,.F.);
#1544=ORIENTED_EDGE('',*,*,#2598,.F.);
#1545=ORIENTED_EDGE('',*,*,#2599,.T.);
#1546=ORIENTED_EDGE('',*,*,#2600,.F.);
#1547=ORIENTED_EDGE('',*,*,#2601,.F.);
#1548=ORIENTED_EDGE('',*,*,#2602,.T.);
#1549=ORIENTED_EDGE('',*,*,#2603,.T.);
#1550=ORIENTED_EDGE('',*,*,#2604,.F.);
#1551=CARTESIAN_POINT('',(-2.667,1.397,5.715));
#1552=DIRECTION('',(-1.0,0.0,0.0));
#1553=DIRECTION('',(0.0,0.0,1.0));
#1554=ORIENTED_EDGE('',*,*,#2605,.T.);
#1555=ORIENTED_EDGE('',*,*,#2606,.T.);
#1556=ORIENTED_EDGE('',*,*,#2607,.F.);
#1557=ORIENTED_EDGE('',*,*,#2608,.T.);
#1558=ORIENTED_EDGE('',*,*,#2604,.T.);
#1559=ORIENTED_EDGE('',*,*,#2609,.T.);
#1560=CARTESIAN_POINT('',(2.667,2.921,5.715));
#1561=DIRECTION('',(-0.0,1.0,0.0));
#1562=DIRECTION('',(1.0,0.0,0.0));
#1563=ORIENTED_EDGE('',*,*,#2610,.T.);
#1564=ORIENTED_EDGE('',*,*,#2609,.F.);
#1565=ORIENTED_EDGE('',*,*,#2603,.F.);
#1566=ORIENTED_EDGE('',*,*,#2611,.T.);
#1567=CARTESIAN_POINT('',(-1.3208,4.064,2.8448));
#1568=DIRECTION('',(-0.0,-1.0,0.0));
#1569=DIRECTION('',(-1.0,0.0,0.0));
#1570=ORIENTED_EDGE('',*,*,#2612,.F.);
#1571=ORIENTED_EDGE('',*,*,#2613,.T.);
#1572=ORIENTED_EDGE('',*,*,#2315,.T.);
#1573=ORIENTED_EDGE('',*,*,#2614,.F.);
#1574=ORIENTED_EDGE('',*,*,#2615,.F.);
#1575=ORIENTED_EDGE('',*,*,#2616,.T.);
#1576=ORIENTED_EDGE('',*,*,#2617,.F.);
#1577=ORIENTED_EDGE('',*,*,#2618,.F.);
#1578=ORIENTED_EDGE('',*,*,#2611,.F.);
#1579=ORIENTED_EDGE('',*,*,#2602,.F.);
#1580=CARTESIAN_POINT('',(-3.683,4.064,1.905));
#1581=DIRECTION('',(-0.0,1.0,0.0));
#1582=DIRECTION('',(1.0,0.0,0.0));
#1583=ORIENTED_EDGE('',*,*,#2619,.T.);
#1584=ORIENTED_EDGE('',*,*,#2605,.F.);
#1585=ORIENTED_EDGE('',*,*,#2610,.F.);
#1586=ORIENTED_EDGE('',*,*,#2618,.T.);
#1587=CARTESIAN_POINT('',(-1.3208,4.064,4.191));
#1588=DIRECTION('',(0.0,0.0,1.0));
#1589=DIRECTION('',(1.0,0.0,0.0));
#1590=ORIENTED_EDGE('',*,*,#2620,.T.);
#1591=ORIENTED_EDGE('',*,*,#2606,.F.);
#1592=ORIENTED_EDGE('',*,*,#2619,.F.);
#1593=ORIENTED_EDGE('',*,*,#2617,.T.);
#1594=CARTESIAN_POINT('',(1.3208,4.064,2.8448));
#1595=DIRECTION('',(-0.0,-1.0,0.0));
#1596=DIRECTION('',(-1.0,0.0,0.0));
#1597=ORIENTED_EDGE('',*,*,#2621,.F.);
#1598=ORIENTED_EDGE('',*,*,#2622,.F.);
#1599=ORIENTED_EDGE('',*,*,#2623,.T.);
#1600=ORIENTED_EDGE('',*,*,#2570,.F.);
#1601=ORIENTED_EDGE('',*,*,#2590,.F.);
#1602=ORIENTED_EDGE('',*,*,#2624,.F.);
#1603=ORIENTED_EDGE('',*,*,#2607,.T.);
#1604=ORIENTED_EDGE('',*,*,#2620,.F.);
#1605=ORIENTED_EDGE('',*,*,#2616,.F.);
#1606=ORIENTED_EDGE('',*,*,#2625,.F.);
#1607=CARTESIAN_POINT('',(2.667,-1.397,5.715));
#1608=DIRECTION('',(1.0,0.0,0.0));
#1609=DIRECTION('',(0.0,1.0,0.0));
#1610=ORIENTED_EDGE('',*,*,#2626,.F.);
#1611=ORIENTED_EDGE('',*,*,#2627,.T.);
#1612=ORIENTED_EDGE('',*,*,#2612,.T.);
#1613=ORIENTED_EDGE('',*,*,#2601,.T.);
#1614=CARTESIAN_POINT('',(-3.683,2.54,1.905));
#1615=DIRECTION('',(0.0,0.0,-1.0));
#1616=DIRECTION('',(0.0,-1.0,0.0));
#1617=ORIENTED_EDGE('',*,*,#2615,.T.);
#1618=ORIENTED_EDGE('',*,*,#2628,.F.);
#1619=ORIENTED_EDGE('',*,*,#2629,.F.);
#1620=ORIENTED_EDGE('',*,*,#2625,.T.);
#1621=CARTESIAN_POINT('',(-3.683,2.54,1.905));
#1622=DIRECTION('',(0.0,0.0,-1.0));
#1623=DIRECTION('',(0.0,-1.0,0.0));
#1624=ORIENTED_EDGE('',*,*,#2316,.F.);
#1625=ORIENTED_EDGE('',*,*,#2613,.F.);
#1626=ORIENTED_EDGE('',*,*,#2627,.F.);
#1627=ORIENTED_EDGE('',*,*,#2630,.F.);
#1628=CARTESIAN_POINT('',(-3.683,0.0,0.0));
#1629=DIRECTION('',(1.0,0.0,0.0));
#1630=DIRECTION('',(0.0,1.0,0.0));
#1631=ORIENTED_EDGE('',*,*,#2631,.T.);
#1632=ORIENTED_EDGE('',*,*,#2629,.T.);
#1633=ORIENTED_EDGE('',*,*,#2632,.F.);
#1634=ORIENTED_EDGE('',*,*,#2313,.T.);
#1635=ORIENTED_EDGE('',*,*,#2633,.F.);
#1636=ORIENTED_EDGE('',*,*,#2428,.F.);
#1637=ORIENTED_EDGE('',*,*,#2304,.T.);
#1638=ORIENTED_EDGE('',*,*,#2317,.T.);
#1639=ORIENTED_EDGE('',*,*,#2630,.T.);
#1640=ORIENTED_EDGE('',*,*,#2626,.T.);
#1641=ORIENTED_EDGE('',*,*,#2634,.T.);
#1642=ORIENTED_EDGE('',*,*,#2635,.F.);
#1643=ORIENTED_EDGE('',*,*,#2573,.F.);
#1644=ORIENTED_EDGE('',*,*,#2636,.F.);
#1645=CARTESIAN_POINT('',(-3.68681,2.54,-5.715));
#1646=DIRECTION('',(-0.0,1.0,0.0));
#1647=DIRECTION('',(1.0,0.0,0.0));
#1648=ORIENTED_EDGE('',*,*,#2572,.T.);
#1649=ORIENTED_EDGE('',*,*,#2637,.T.);
#1650=ORIENTED_EDGE('',*,*,#2638,.T.);
#1651=ORIENTED_EDGE('',*,*,#2639,.T.);
#1652=ORIENTED_EDGE('',*,*,#2636,.T.);
#1653=CARTESIAN_POINT('',(1.524,2.54,1.905));
#1654=DIRECTION('',(1.0,0.0,0.0));
#1655=DIRECTION('',(0.0,1.0,0.0));
#1656=ORIENTED_EDGE('',*,*,#2640,.T.);
#1657=ORIENTED_EDGE('',*,*,#2621,.T.);
#1658=ORIENTED_EDGE('',*,*,#2631,.F.);
#1659=ORIENTED_EDGE('',*,*,#2639,.F.);
#1660=CARTESIAN_POINT('',(-3.683,2.54,1.905));
#1661=DIRECTION('',(0.0,0.0,-1.0));
#1662=DIRECTION('',(0.0,-1.0,0.0));
#1663=ORIENTED_EDGE('',*,*,#2634,.F.);
#1664=ORIENTED_EDGE('',*,*,#2600,.T.);
#1665=ORIENTED_EDGE('',*,*,#2641,.T.);
#1666=ORIENTED_EDGE('',*,*,#2642,.T.);
#1667=CARTESIAN_POINT('',(-3.683,2.54,1.905));
#1668=DIRECTION('',(0.0,0.0,-1.0));
#1669=DIRECTION('',(0.0,-1.0,0.0));
#1670=ORIENTED_EDGE('',*,*,#2622,.T.);
#1671=ORIENTED_EDGE('',*,*,#2640,.F.);
#1672=ORIENTED_EDGE('',*,*,#2638,.F.);
#1673=ORIENTED_EDGE('',*,*,#2643,.T.);
#1674=CARTESIAN_POINT('',(1.524,1.397,1.40499999999997));
#1675=DIRECTION('',(0.0,-0.707106781186547,0.707106781186547));
#1676=DIRECTION('',(-1.0,0.0,0.0));
#1677=ORIENTED_EDGE('',*,*,#2571,.F.);
#1678=ORIENTED_EDGE('',*,*,#2623,.F.);
#1679=ORIENTED_EDGE('',*,*,#2643,.F.);
#1680=ORIENTED_EDGE('',*,*,#2637,.F.);
#1681=CARTESIAN_POINT('',(2.667,1.397,5.715));
#1682=DIRECTION('',(-0.0,1.0,0.0));
#1683=DIRECTION('',(1.0,0.0,0.0));
#1684=ORIENTED_EDGE('',*,*,#2644,.F.);
#1685=ORIENTED_EDGE('',*,*,#2598,.T.);
#1686=ORIENTED_EDGE('',*,*,#2575,.F.);
#1687=ORIENTED_EDGE('',*,*,#2645,.T.);
#1688=CARTESIAN_POINT('',(2.667,1.397,5.715));
#1689=DIRECTION('',(-0.0,1.0,0.0));
#1690=DIRECTION('',(1.0,0.0,0.0));
#1691=ORIENTED_EDGE('',*,*,#2642,.F.);
#1692=ORIENTED_EDGE('',*,*,#2646,.F.);
#1693=ORIENTED_EDGE('',*,*,#2645,.F.);
#1694=ORIENTED_EDGE('',*,*,#2574,.F.);
#1695=ORIENTED_EDGE('',*,*,#2635,.T.);
#1696=CARTESIAN_POINT('',(-1.524,2.54,-3.175));
#1697=DIRECTION('',(-1.0,0.0,0.0));
#1698=DIRECTION('',(0.0,0.0,1.0));
#1699=ORIENTED_EDGE('',*,*,#2646,.T.);
#1700=ORIENTED_EDGE('',*,*,#2641,.F.);
#1701=ORIENTED_EDGE('',*,*,#2599,.F.);
#1702=ORIENTED_EDGE('',*,*,#2644,.T.);
#1703=CARTESIAN_POINT('',(-2.667,1.397,1.40499999999997));
#1704=DIRECTION('',(0.0,-0.707106781186547,0.707106781186547));
#1705=DIRECTION('',(-1.0,0.0,0.0));
#1706=ORIENTED_EDGE('',*,*,#2429,.T.);
#1707=ORIENTED_EDGE('',*,*,#2633,.T.);
#1708=ORIENTED_EDGE('',*,*,#2312,.T.);
#1709=ORIENTED_EDGE('',*,*,#2647,.T.);
#1710=CARTESIAN_POINT('',(3.68681,0.0,0.0));
#1711=DIRECTION('',(1.0,0.0,0.0));
#1712=DIRECTION('',(0.0,1.0,0.0));
#1713=ORIENTED_EDGE('',*,*,#2311,.T.);
#1714=ORIENTED_EDGE('',*,*,#2648,.T.);
#1715=ORIENTED_EDGE('',*,*,#2430,.F.);
#1716=ORIENTED_EDGE('',*,*,#2647,.F.);
#1717=CARTESIAN_POINT('',(3.68681,-0.94000000000005,5.715));
#1718=DIRECTION('',(-0.0,1.0,0.0));
#1719=DIRECTION('',(1.0,0.0,0.0));
#1720=ORIENTED_EDGE('',*,*,#2357,.T.);
#1721=ORIENTED_EDGE('',*,*,#2431,.F.);
#1722=ORIENTED_EDGE('',*,*,#2648,.F.);
#1723=ORIENTED_EDGE('',*,*,#2310,.T.);
#1724=CARTESIAN_POINT('',(4.31681000000002,-0.94000000000005,5.715));
#1725=DIRECTION('',(1.0,0.0,0.0));
#1726=DIRECTION('',(0.0,1.0,0.0));
#1727=ORIENTED_EDGE('',*,*,#2628,.T.);
#1728=ORIENTED_EDGE('',*,*,#2614,.T.);
#1729=ORIENTED_EDGE('',*,*,#2314,.T.);
#1730=ORIENTED_EDGE('',*,*,#2632,.T.);
#1731=CARTESIAN_POINT('',(3.683,0.0,0.0));
#1732=DIRECTION('',(1.0,0.0,0.0));
#1733=DIRECTION('',(0.0,1.0,0.0));
#1734=ORIENTED_EDGE('',*,*,#2594,.F.);
#1735=ORIENTED_EDGE('',*,*,#2327,.F.);
#1736=ORIENTED_EDGE('',*,*,#2649,.T.);
#1737=ORIENTED_EDGE('',*,*,#2624,.T.);
#1738=CARTESIAN_POINT('',(2.667,2.921,5.21499999999946));
#1739=DIRECTION('',(-0.707106781186547,0.0,0.707106781186547));
#1740=DIRECTION('',(0.0,1.0,0.0));
#1741=ORIENTED_EDGE('',*,*,#2596,.T.);
#1742=ORIENTED_EDGE('',*,*,#2608,.F.);
#1743=ORIENTED_EDGE('',*,*,#2649,.F.);
#1744=ORIENTED_EDGE('',*,*,#2326,.T.);
#1745=CARTESIAN_POINT('',(2.667,3.42100000000054,5.715));
#1746=DIRECTION('',(0.0,-0.707106781186547,0.707106781186547));
#1747=DIRECTION('',(-1.0,0.0,0.0));
#1748=ORIENTED_EDGE('',*,*,#2595,.T.);
#1749=ORIENTED_EDGE('',*,*,#2591,.F.);
#1750=ORIENTED_EDGE('',*,*,#2579,.F.);
#1751=ORIENTED_EDGE('',*,*,#2348,.F.);
#1752=ORIENTED_EDGE('',*,*,#2329,.T.);
#1753=CARTESIAN_POINT('',(0.718189999999906,-2.54,5.715));
#1754=DIRECTION('',(1.0,0.0,0.0));
#1755=DIRECTION('',(0.0,1.0,0.0));
#1756=ORIENTED_EDGE('',*,*,#2650,.F.);
#1757=ORIENTED_EDGE('',*,*,#2584,.T.);
#1758=ORIENTED_EDGE('',*,*,#2651,.T.);
#1759=ORIENTED_EDGE('',*,*,#2652,.F.);
#1760=CARTESIAN_POINT('',(1.78999999999995,-0.31999999999999,-3.175));
#1761=DIRECTION('',(-0.707106781186547,0.0,0.707106781186547));
#1762=DIRECTION('',(0.0,1.0,0.0));
#1763=ORIENTED_EDGE('',*,*,#2653,.T.);
#1764=ORIENTED_EDGE('',*,*,#2654,.T.);
#1765=ORIENTED_EDGE('',*,*,#2652,.T.);
#1766=ORIENTED_EDGE('',*,*,#2655,.T.);
#1767=CARTESIAN_POINT('',(1.589999995,0.0,0.0));
#1768=DIRECTION('',(1.0,0.0,0.0));
#1769=DIRECTION('',(0.0,1.0,0.0));
#1770=ORIENTED_EDGE('',*,*,#2656,.T.);
#1771=ORIENTED_EDGE('',*,*,#2657,.T.);
#1772=ORIENTED_EDGE('',*,*,#2658,.T.);
#1773=ORIENTED_EDGE('',*,*,#2456,.F.);
#1774=CARTESIAN_POINT('',(1.589999995,0.0,0.0));
#1775=DIRECTION('',(1.0,0.0,0.0));
#1776=DIRECTION('',(0.0,1.0,0.0));
#1777=ORIENTED_EDGE('',*,*,#2659,.T.);
#1778=ORIENTED_EDGE('',*,*,#2655,.F.);
#1779=ORIENTED_EDGE('',*,*,#2660,.F.);
#1780=ORIENTED_EDGE('',*,*,#2661,.T.);
#1781=CARTESIAN_POINT('',(0.950000005,0.31999999999999,-3.683));
#1782=DIRECTION('',(-0.0,1.0,0.0));
#1783=DIRECTION('',(1.0,0.0,0.0));
#1784=ORIENTED_EDGE('',*,*,#2662,.F.);
#1785=ORIENTED_EDGE('',*,*,#2663,.F.);
#1786=ORIENTED_EDGE('',*,*,#2664,.F.);
#1787=ORIENTED_EDGE('',*,*,#2661,.F.);
#1788=CARTESIAN_POINT('',(0.950000005,0.0,0.0));
#1789=DIRECTION('',(1.0,0.0,0.0));
#1790=DIRECTION('',(0.0,1.0,0.0));
#1791=ORIENTED_EDGE('',*,*,#2665,.F.);
#1792=ORIENTED_EDGE('',*,*,#2666,.F.);
#1793=ORIENTED_EDGE('',*,*,#2667,.F.);
#1794=ORIENTED_EDGE('',*,*,#2452,.T.);
#1795=CARTESIAN_POINT('',(0.950000005,0.0,0.0));
#1796=DIRECTION('',(1.0,0.0,0.0));
#1797=DIRECTION('',(0.0,1.0,0.0));
#1798=ORIENTED_EDGE('',*,*,#2668,.T.);
#1799=ORIENTED_EDGE('',*,*,#2669,.F.);
#1800=ORIENTED_EDGE('',*,*,#2670,.F.);
#1801=ORIENTED_EDGE('',*,*,#2664,.T.);
#1802=CARTESIAN_POINT('',(0.950000005,0.31999999999999,2.32100000000011));
#1803=DIRECTION('',(-0.948683298050524,0.0,0.316227766016808));
#1804=DIRECTION('',(0.0,1.0,0.0));
#1805=ORIENTED_EDGE('',*,*,#2671,.T.);
#1806=ORIENTED_EDGE('',*,*,#2659,.F.);
#1807=ORIENTED_EDGE('',*,*,#2670,.T.);
#1808=ORIENTED_EDGE('',*,*,#2672,.T.);
#1809=CARTESIAN_POINT('',(0.950000005,0.120000000000003,2.921));
#1810=DIRECTION('',(0.0,0.948683298050524,0.316227766016808));
#1811=DIRECTION('',(1.0,0.0,-0.0));
#1812=ORIENTED_EDGE('',*,*,#2673,.T.);
#1813=ORIENTED_EDGE('',*,*,#2674,.F.);
#1814=ORIENTED_EDGE('',*,*,#2672,.F.);
#1815=ORIENTED_EDGE('',*,*,#2669,.T.);
#1816=CARTESIAN_POINT('',(0.950000005,0.31999999999999,2.921));
#1817=DIRECTION('',(0.0,0.0,1.0));
#1818=DIRECTION('',(1.0,0.0,0.0));
#1819=ORIENTED_EDGE('',*,*,#2671,.F.);
#1820=ORIENTED_EDGE('',*,*,#2674,.T.);
#1821=ORIENTED_EDGE('',*,*,#2675,.F.);
#1822=ORIENTED_EDGE('',*,*,#2653,.F.);
#1823=CARTESIAN_POINT('',(1.589999995,0.31999999999999,2.32100000000011));
#1824=DIRECTION('',(-0.948683298050524,0.0,-0.316227766016808));
#1825=DIRECTION('',(-0.316227766016808,0.0,0.948683298050524));
#1826=ORIENTED_EDGE('',*,*,#2675,.T.);
#1827=ORIENTED_EDGE('',*,*,#2673,.F.);
#1828=ORIENTED_EDGE('',*,*,#2668,.F.);
#1829=ORIENTED_EDGE('',*,*,#2676,.T.);
#1830=CARTESIAN_POINT('',(0.950000005,-0.31999999999999,2.32100000000011));
#1831=DIRECTION('',(0.0,-0.948683298050524,0.316227766016808));
#1832=DIRECTION('',(-1.0,0.0,0.0));
#1833=ORIENTED_EDGE('',*,*,#2677,.T.);
#1834=ORIENTED_EDGE('',*,*,#2654,.F.);
#1835=ORIENTED_EDGE('',*,*,#2676,.F.);
#1836=ORIENTED_EDGE('',*,*,#2663,.T.);
#1837=CARTESIAN_POINT('',(0.950000005,-0.31999999999999,2.921));
#1838=DIRECTION('',(0.0,-1.0,0.0));
#1839=DIRECTION('',(0.0,0.0,-1.0));
#1840=ORIENTED_EDGE('',*,*,#2678,.F.);
#1841=ORIENTED_EDGE('',*,*,#2581,.T.);
#1842=ORIENTED_EDGE('',*,*,#2650,.T.);
#1843=ORIENTED_EDGE('',*,*,#2677,.F.);
#1844=CARTESIAN_POINT('',(0.95000000000001,-0.519999999999952,-3.175));
#1845=DIRECTION('',(0.0,0.707106781186547,0.707106781186547));
#1846=DIRECTION('',(1.0,0.0,-0.0));
#1847=ORIENTED_EDGE('',*,*,#2679,.F.);
#1848=ORIENTED_EDGE('',*,*,#2582,.F.);
#1849=ORIENTED_EDGE('',*,*,#2678,.T.);
#1850=ORIENTED_EDGE('',*,*,#2662,.T.);
#1851=CARTESIAN_POINT('',(0.750000000000048,-0.31999999999999,-3.175));
#1852=DIRECTION('',(-0.707106781186547,0.0,-0.707106781186547));
#1853=DIRECTION('',(-0.707106781186548,0.0,0.707106781186548));
#1854=ORIENTED_EDGE('',*,*,#2651,.F.);
#1855=ORIENTED_EDGE('',*,*,#2583,.F.);
#1856=ORIENTED_EDGE('',*,*,#2679,.T.);
#1857=ORIENTED_EDGE('',*,*,#2660,.T.);
#1858=CARTESIAN_POINT('',(0.95000000000001,0.519999999999952,-3.175));
#1859=DIRECTION('',(0.0,0.707106781186547,-0.707106781186547));
#1860=DIRECTION('',(-1.0,0.0,0.0));
#1861=ORIENTED_EDGE('',*,*,#2680,.F.);
#1862=ORIENTED_EDGE('',*,*,#2681,.F.);
#1863=ORIENTED_EDGE('',*,*,#2667,.T.);
#1864=ORIENTED_EDGE('',*,*,#2682,.T.);
#1865=ORIENTED_EDGE('',*,*,#2656,.F.);
#1866=ORIENTED_EDGE('',*,*,#2683,.T.);
#1867=CARTESIAN_POINT('',(0.950000005,-0.61999999999879,-6.85499999998782));
#1868=DIRECTION('',(0.0,0.0,1.0));
#1869=DIRECTION('',(1.0,0.0,0.0));
#1870=ORIENTED_EDGE('',*,*,#2684,.F.);
#1871=ORIENTED_EDGE('',*,*,#2685,.T.);
#1872=ORIENTED_EDGE('',*,*,#2686,.F.);
#1873=ORIENTED_EDGE('',*,*,#2687,.F.);
#1874=ORIENTED_EDGE('',*,*,#2508,.F.);
#1875=ORIENTED_EDGE('',*,*,#2519,.F.);
#1876=ORIENTED_EDGE('',*,*,#2457,.F.);
#1877=ORIENTED_EDGE('',*,*,#2688,.T.);
#1878=ORIENTED_EDGE('',*,*,#2689,.T.);
#1879=ORIENTED_EDGE('',*,*,#2690,.T.);
#1880=ORIENTED_EDGE('',*,*,#2691,.T.);
#1881=CARTESIAN_POINT('',(1.58999999999999,0.0,0.0));
#1882=DIRECTION('',(1.0,0.0,0.0));
#1883=DIRECTION('',(0.0,1.0,0.0));
#1884=ORIENTED_EDGE('',*,*,#2692,.F.);
#1885=ORIENTED_EDGE('',*,*,#2683,.F.);
#1886=ORIENTED_EDGE('',*,*,#2455,.F.);
#1887=ORIENTED_EDGE('',*,*,#2693,.F.);
#1888=ORIENTED_EDGE('',*,*,#2694,.F.);
#1889=ORIENTED_EDGE('',*,*,#2695,.T.);
#1890=CARTESIAN_POINT('',(1.58999999999999,0.0,0.0));
#1891=DIRECTION('',(1.0,0.0,0.0));
#1892=DIRECTION('',(0.0,1.0,0.0));
#1893=ORIENTED_EDGE('',*,*,#2696,.F.);
#1894=ORIENTED_EDGE('',*,*,#2697,.T.);
#1895=ORIENTED_EDGE('',*,*,#2698,.T.);
#1896=ORIENTED_EDGE('',*,*,#2691,.F.);
#1897=CARTESIAN_POINT('',(0.950000005,0.31999999999999,-5.715));
#1898=DIRECTION('',(0.0,0.0,1.0));
#1899=DIRECTION('',(1.0,0.0,0.0));
#1900=ORIENTED_EDGE('',*,*,#2699,.F.);
#1901=ORIENTED_EDGE('',*,*,#2700,.T.);
#1902=ORIENTED_EDGE('',*,*,#2684,.T.);
#1903=ORIENTED_EDGE('',*,*,#2698,.F.);
#1904=CARTESIAN_POINT('',(1.58999999999999,-0.31999999999999,-3.175));
#1905=DIRECTION('',(0.0,-1.0,0.0));
#1906=DIRECTION('',(0.0,0.0,-1.0));
#1907=ORIENTED_EDGE('',*,*,#2700,.F.);
#1908=ORIENTED_EDGE('',*,*,#2701,.T.);
#1909=ORIENTED_EDGE('',*,*,#2702,.T.);
#1910=ORIENTED_EDGE('',*,*,#2685,.F.);
#1911=CARTESIAN_POINT('',(0.950000005,-0.31999999999999,-3.683));
#1912=DIRECTION('',(0.0,0.0,-1.0));
#1913=DIRECTION('',(0.0,-1.0,0.0));
#1914=ORIENTED_EDGE('',*,*,#2702,.F.);
#1915=ORIENTED_EDGE('',*,*,#2703,.F.);
#1916=ORIENTED_EDGE('',*,*,#2704,.F.);
#1917=ORIENTED_EDGE('',*,*,#2686,.T.);
#1918=CARTESIAN_POINT('',(1.58999999999999,0.31999999999999,-5.37499999999882));
#1919=DIRECTION('',(-0.0,1.0,0.0));
#1920=DIRECTION('',(1.0,0.0,0.0));
#1921=ORIENTED_EDGE('',*,*,#2687,.T.);
#1922=ORIENTED_EDGE('',*,*,#2704,.T.);
#1923=ORIENTED_EDGE('',*,*,#2705,.F.);
#1924=ORIENTED_EDGE('',*,*,#2506,.T.);
#1925=CARTESIAN_POINT('',(1.58999999999999,0.747509593462202,-6.8326));
#1926=DIRECTION('',(0.0,0.959578418051884,0.281441396402595));
#1927=DIRECTION('',(1.0,0.0,-0.0));
#1928=ORIENTED_EDGE('',*,*,#2706,.F.);
#1929=ORIENTED_EDGE('',*,*,#2707,.F.);
#1930=ORIENTED_EDGE('',*,*,#2708,.F.);
#1931=ORIENTED_EDGE('',*,*,#2451,.T.);
#1932=ORIENTED_EDGE('',*,*,#2709,.T.);
#1933=ORIENTED_EDGE('',*,*,#2515,.T.);
#1934=ORIENTED_EDGE('',*,*,#2705,.T.);
#1935=ORIENTED_EDGE('',*,*,#2703,.T.);
#1936=ORIENTED_EDGE('',*,*,#2701,.F.);
#1937=ORIENTED_EDGE('',*,*,#2699,.T.);
#1938=ORIENTED_EDGE('',*,*,#2697,.F.);
#1939=CARTESIAN_POINT('',(0.95000000000001,0.0,0.0));
#1940=DIRECTION('',(1.0,0.0,0.0));
#1941=DIRECTION('',(0.0,1.0,0.0));
#1942=ORIENTED_EDGE('',*,*,#2710,.T.);
#1943=ORIENTED_EDGE('',*,*,#2711,.T.);
#1944=ORIENTED_EDGE('',*,*,#2453,.T.);
#1945=ORIENTED_EDGE('',*,*,#2681,.T.);
#1946=ORIENTED_EDGE('',*,*,#2712,.T.);
#1947=ORIENTED_EDGE('',*,*,#2713,.F.);
#1948=CARTESIAN_POINT('',(0.95000000000001,0.0,0.0));
#1949=DIRECTION('',(1.0,0.0,0.0));
#1950=DIRECTION('',(0.0,1.0,0.0));
#1951=ORIENTED_EDGE('',*,*,#2523,.T.);
#1952=ORIENTED_EDGE('',*,*,#2516,.F.);
#1953=ORIENTED_EDGE('',*,*,#2709,.F.);
#1954=ORIENTED_EDGE('',*,*,#2450,.T.);
#1955=CARTESIAN_POINT('',(0.64999999999994,0.747509593462202,-7.5740000000012));
#1956=DIRECTION('',(-0.0,-1.0,0.0));
#1957=DIRECTION('',(-1.0,0.0,0.0));
#1958=ORIENTED_EDGE('',*,*,#2658,.F.);
#1959=ORIENTED_EDGE('',*,*,#2714,.F.);
#1960=ORIENTED_EDGE('',*,*,#2665,.T.);
#1961=ORIENTED_EDGE('',*,*,#2708,.T.);
#1962=ORIENTED_EDGE('',*,*,#2715,.T.);
#1963=ORIENTED_EDGE('',*,*,#2688,.F.);
#1964=CARTESIAN_POINT('',(0.950000005,-6.22200000000102,-7.4949999999878));
#1965=DIRECTION('',(0.0,0.0,-1.0));
#1966=DIRECTION('',(0.0,-1.0,0.0));
#1967=ORIENTED_EDGE('',*,*,#2715,.F.);
#1968=ORIENTED_EDGE('',*,*,#2707,.T.);
#1969=ORIENTED_EDGE('',*,*,#2716,.T.);
#1970=ORIENTED_EDGE('',*,*,#2689,.F.);
#1971=CARTESIAN_POINT('',(0.950000005,-0.61999999999879,-6.55499999998902));
#1972=DIRECTION('',(-1.0,0.0,-0.0));
#1973=DIRECTION('',(0.0,0.0,-1.0));
#1974=ORIENTED_EDGE('',*,*,#2716,.F.);
#1975=ORIENTED_EDGE('',*,*,#2706,.T.);
#1976=ORIENTED_EDGE('',*,*,#2696,.T.);
#1977=ORIENTED_EDGE('',*,*,#2690,.F.);
#1978=CARTESIAN_POINT('',(0.950000005,0.31999999999999,-6.55499999998902));
#1979=DIRECTION('',(-0.0,1.0,0.0));
#1980=DIRECTION('',(1.0,0.0,0.0));
#1981=ORIENTED_EDGE('',*,*,#2717,.T.);
#1982=ORIENTED_EDGE('',*,*,#2718,.F.);
#1983=ORIENTED_EDGE('',*,*,#2719,.F.);
#1984=ORIENTED_EDGE('',*,*,#2714,.T.);
#1985=CARTESIAN_POINT('',(0.950000004539498,-5.62200000000088,-7.4949999999878));
#1986=DIRECTION('',(0.0,-0.316227766016808,-0.948683298050524));
#1987=DIRECTION('',(0.0,-0.948683298050524,0.316227766016808));
#1988=ORIENTED_EDGE('',*,*,#2719,.T.);
#1989=ORIENTED_EDGE('',*,*,#2720,.F.);
#1990=ORIENTED_EDGE('',*,*,#2721,.F.);
#1991=ORIENTED_EDGE('',*,*,#2666,.T.);
#1992=CARTESIAN_POINT('',(0.950000005,-5.62200000000088,-6.85499999998782));
#1993=DIRECTION('',(-0.948683298050524,-0.316227766016808,0.0));
#1994=DIRECTION('',(-0.316227766016808,0.948683298050524,0.0));
#1995=ORIENTED_EDGE('',*,*,#2722,.T.);
#1996=ORIENTED_EDGE('',*,*,#2682,.F.);
#1997=ORIENTED_EDGE('',*,*,#2721,.T.);
#1998=ORIENTED_EDGE('',*,*,#2723,.T.);
#1999=CARTESIAN_POINT('',(0.950000004539498,-6.22200000000102,-7.05499999998702));
#2000=DIRECTION('',(0.0,-0.316227766016808,0.948683298050524));
#2001=DIRECTION('',(-1.0,0.0,0.0));
#2002=ORIENTED_EDGE('',*,*,#2718,.T.);
#2003=ORIENTED_EDGE('',*,*,#2724,.F.);
#2004=ORIENTED_EDGE('',*,*,#2723,.F.);
#2005=ORIENTED_EDGE('',*,*,#2720,.T.);
#2006=CARTESIAN_POINT('',(0.950000005,-6.22200000000102,-6.85499999998782));
#2007=DIRECTION('',(0.0,-1.0,0.0));
#2008=DIRECTION('',(0.0,0.0,-1.0));
#2009=ORIENTED_EDGE('',*,*,#2722,.F.);
#2010=ORIENTED_EDGE('',*,*,#2724,.T.);
#2011=ORIENTED_EDGE('',*,*,#2717,.F.);
#2012=ORIENTED_EDGE('',*,*,#2657,.F.);
#2013=CARTESIAN_POINT('',(1.589999995,-5.62200000000088,-6.85499999998782));
#2014=DIRECTION('',(-0.948683298050524,0.316227766016808,0.0));
#2015=DIRECTION('',(0.0,0.0,1.0));
#2016=ORIENTED_EDGE('',*,*,#2725,.F.);
#2017=ORIENTED_EDGE('',*,*,#2713,.T.);
#2018=ORIENTED_EDGE('',*,*,#2726,.T.);
#2019=ORIENTED_EDGE('',*,*,#2695,.F.);
#2020=CARTESIAN_POINT('',(0.950000005,-0.31999999999999,-5.715));
#2021=DIRECTION('',(0.0,-1.0,0.0));
#2022=DIRECTION('',(0.0,0.0,-1.0));
#2023=ORIENTED_EDGE('',*,*,#2726,.F.);
#2024=ORIENTED_EDGE('',*,*,#2712,.F.);
#2025=ORIENTED_EDGE('',*,*,#2680,.T.);
#2026=ORIENTED_EDGE('',*,*,#2692,.T.);
#2027=CARTESIAN_POINT('',(0.950000005,-0.61999999999879,-6.55499999998902));
#2028=DIRECTION('',(-1.0,0.0,-0.0));
#2029=DIRECTION('',(0.0,0.0,-1.0));
#2030=ORIENTED_EDGE('',*,*,#2694,.T.);
#2031=ORIENTED_EDGE('',*,*,#2727,.T.);
#2032=ORIENTED_EDGE('',*,*,#2710,.F.);
#2033=ORIENTED_EDGE('',*,*,#2725,.T.);
#2034=CARTESIAN_POINT('',(1.58999999999999,-0.820000000000022,-5.87400000000038));
#2035=DIRECTION('',(-1.0,0.0,-0.0));
#2036=DIRECTION('',(0.0,0.0,-1.0));
#2037=ORIENTED_EDGE('',*,*,#2711,.F.);
#2038=ORIENTED_EDGE('',*,*,#2727,.F.);
#2039=ORIENTED_EDGE('',*,*,#2693,.T.);
#2040=ORIENTED_EDGE('',*,*,#2454,.F.);
#2041=CARTESIAN_POINT('',(1.58999999999999,-0.820000000000022,-6.37400000000092));
#2042=DIRECTION('',(0.0,0.0,1.0));
#2043=DIRECTION('',(1.0,0.0,0.0));
#2044=ORIENTED_EDGE('',*,*,#2555,.F.);
#2045=ORIENTED_EDGE('',*,*,#2585,.F.);
#2046=ORIENTED_EDGE('',*,*,#2568,.T.);
#2047=ORIENTED_EDGE('',*,*,#2471,.T.);
#2048=CARTESIAN_POINT('',(-1.78999999999995,-0.31999999999999,-3.175));
#2049=DIRECTION('',(-0.707106781186547,0.0,-0.707106781186547));
#2050=DIRECTION('',(-0.707106781186548,0.0,0.707106781186548));
#2051=ORIENTED_EDGE('',*,*,#2558,.F.);
#2052=ORIENTED_EDGE('',*,*,#2562,.T.);
#2053=ORIENTED_EDGE('',*,*,#2565,.F.);
#2054=ORIENTED_EDGE('',*,*,#2548,.F.);
#2055=CARTESIAN_POINT('',(-0.950000005,0.31999999999999,2.32100000000011));
#2056=DIRECTION('',(-0.948683298050524,0.0,-0.316227766016808));
#2057=DIRECTION('',(-0.316227766016808,0.0,0.948683298050524));
#2058=ORIENTED_EDGE('',*,*,#2728,.F.);
#2059=ORIENTED_EDGE('',*,*,#2533,.T.);
#2060=ORIENTED_EDGE('',*,*,#2729,.T.);
#2061=ORIENTED_EDGE('',*,*,#2490,.F.);
#2062=CARTESIAN_POINT('',(-1.589999995,-0.31999999999999,-5.715));
#2063=DIRECTION('',(0.0,-1.0,0.0));
#2064=DIRECTION('',(0.0,0.0,-1.0));
#2065=ORIENTED_EDGE('',*,*,#2729,.F.);
#2066=ORIENTED_EDGE('',*,*,#2532,.F.);
#2067=ORIENTED_EDGE('',*,*,#2472,.T.);
#2068=ORIENTED_EDGE('',*,*,#2487,.T.);
#2069=CARTESIAN_POINT('',(-1.589999995,-0.61999999999879,-6.55499999998902));
#2070=DIRECTION('',(-1.0,0.0,-0.0));
#2071=DIRECTION('',(0.0,0.0,-1.0));
#2072=ORIENTED_EDGE('',*,*,#2489,.T.);
#2073=ORIENTED_EDGE('',*,*,#2730,.T.);
#2074=ORIENTED_EDGE('',*,*,#2530,.F.);
#2075=ORIENTED_EDGE('',*,*,#2728,.T.);
#2076=CARTESIAN_POINT('',(-0.95000000000001,-0.820000000000022,-5.87400000000038));
#2077=DIRECTION('',(-1.0,0.0,-0.0));
#2078=DIRECTION('',(0.0,0.0,-1.0));
#2079=ORIENTED_EDGE('',*,*,#2531,.F.);
#2080=ORIENTED_EDGE('',*,*,#2730,.F.);
#2081=ORIENTED_EDGE('',*,*,#2488,.T.);
#2082=ORIENTED_EDGE('',*,*,#2444,.F.);
#2083=CARTESIAN_POINT('',(-0.95000000000001,-0.820000000000022,-6.37400000000092));
#2084=DIRECTION('',(0.0,0.0,1.0));
#2085=DIRECTION('',(1.0,0.0,0.0));
#2086=ORIENTED_EDGE('',*,*,#2482,.T.);
#2087=ORIENTED_EDGE('',*,*,#2518,.F.);
#2088=ORIENTED_EDGE('',*,*,#2524,.F.);
#2089=ORIENTED_EDGE('',*,*,#2448,.T.);
#2090=CARTESIAN_POINT('',(-0.64999999999994,0.747509593462202,-7.5740000000012));
#2091=DIRECTION('',(-0.0,-1.0,0.0));
#2092=DIRECTION('',(-1.0,0.0,0.0));
#2093=ORIENTED_EDGE('',*,*,#2343,.T.);
#2094=ORIENTED_EDGE('',*,*,#2433,.F.);
#2095=ORIENTED_EDGE('',*,*,#2731,.F.);
#2096=ORIENTED_EDGE('',*,*,#2377,.T.);
#2097=CARTESIAN_POINT('',(1.9968099999999,-2.921,5.715));
#2098=DIRECTION('',(-0.836079365513917,-0.548608507555111,0.0));
#2099=DIRECTION('',(-0.548608507555111,0.836079365513917,0.0));
#2100=ORIENTED_EDGE('',*,*,#2732,.F.);
#2101=ORIENTED_EDGE('',*,*,#2331,.T.);
#2102=ORIENTED_EDGE('',*,*,#2347,.T.);
#2103=ORIENTED_EDGE('',*,*,#2422,.F.);
#2104=CARTESIAN_POINT('',(1.9968099999999,-2.921,5.715));
#2105=DIRECTION('',(-0.836079365513917,-0.548608507555111,0.0));
#2106=DIRECTION('',(-0.548608507555111,0.836079365513917,0.0));
#2107=ORIENTED_EDGE('',*,*,#2731,.T.);
#2108=ORIENTED_EDGE('',*,*,#2432,.F.);
#2109=ORIENTED_EDGE('',*,*,#2355,.F.);
#2110=ORIENTED_EDGE('',*,*,#2378,.T.);
#2111=CARTESIAN_POINT('',(2.24680999999992,-2.54,5.715));
#2112=DIRECTION('',(0.836079365513917,-0.548608507555111,0.0));
#2113=DIRECTION('',(0.0,0.0,-1.0));
#2114=ORIENTED_EDGE('',*,*,#2358,.F.);
#2115=ORIENTED_EDGE('',*,*,#2332,.T.);
#2116=ORIENTED_EDGE('',*,*,#2732,.T.);
#2117=ORIENTED_EDGE('',*,*,#2421,.F.);
#2118=CARTESIAN_POINT('',(2.24680999999992,-2.54,5.715));
#2119=DIRECTION('',(0.836079365513917,-0.548608507555111,0.0));
#2120=DIRECTION('',(0.0,0.0,-1.0));
#2121=ORIENTED_EDGE('',*,*,#2308,.T.);
#2122=ORIENTED_EDGE('',*,*,#2427,.F.);
#2123=ORIENTED_EDGE('',*,*,#2337,.F.);
#2124=ORIENTED_EDGE('',*,*,#2318,.T.);
#2125=CARTESIAN_POINT('',(-4.31681000000002,-2.54,5.715));
#2126=DIRECTION('',(-1.0,0.0,0.0));
#2127=DIRECTION('',(0.0,0.0,1.0));
#2128=ORIENTED_EDGE('',*,*,#2405,.F.);
#2129=ORIENTED_EDGE('',*,*,#2733,.F.);
#2130=ORIENTED_EDGE('',*,*,#2364,.T.);
#2131=ORIENTED_EDGE('',*,*,#2353,.T.);
#2132=CARTESIAN_POINT('',(-1.397,-4.191,0.522499999999942));
#2133=DIRECTION('',(1.0,0.0,0.0));
#2134=DIRECTION('',(0.0,1.0,0.0));
#2135=ORIENTED_EDGE('',*,*,#2733,.T.);
#2136=ORIENTED_EDGE('',*,*,#2404,.F.);
#2137=ORIENTED_EDGE('',*,*,#2734,.F.);
#2138=ORIENTED_EDGE('',*,*,#2365,.T.);
#2139=CARTESIAN_POINT('',(-1.016,-4.6482,0.522499999999942));
#2140=DIRECTION('',(0.768221279597376,0.64018439966448,0.0));
#2141=DIRECTION('',(0.0,0.0,-1.0));
#2142=ORIENTED_EDGE('',*,*,#2734,.T.);
#2143=ORIENTED_EDGE('',*,*,#2403,.F.);
#2144=ORIENTED_EDGE('',*,*,#2735,.F.);
#2145=ORIENTED_EDGE('',*,*,#2366,.T.);
#2146=CARTESIAN_POINT('',(-1.016,-5.1562,0.522499999999942));
#2147=DIRECTION('',(1.0,0.0,0.0));
#2148=DIRECTION('',(0.0,1.0,0.0));
#2149=ORIENTED_EDGE('',*,*,#2735,.T.);
#2150=ORIENTED_EDGE('',*,*,#2402,.F.);
#2151=ORIENTED_EDGE('',*,*,#2736,.F.);
#2152=ORIENTED_EDGE('',*,*,#2367,.T.);
#2153=CARTESIAN_POINT('',(-1.8669,-6.731,0.522499999999942));
#2154=DIRECTION('',(0.879786716482392,-0.475368629067096,0.0));
#2155=DIRECTION('',(0.0,0.0,-1.0));
#2156=ORIENTED_EDGE('',*,*,#2736,.T.);
#2157=ORIENTED_EDGE('',*,*,#2401,.F.);
#2158=ORIENTED_EDGE('',*,*,#2737,.F.);
#2159=ORIENTED_EDGE('',*,*,#2368,.T.);
#2160=CARTESIAN_POINT('',(-2.0701,-6.731,0.522499999999942));
#2161=DIRECTION('',(0.0,-1.0,0.0));
#2162=DIRECTION('',(0.0,0.0,-1.0));
#2163=ORIENTED_EDGE('',*,*,#2737,.T.);
#2164=ORIENTED_EDGE('',*,*,#2400,.F.);
#2165=ORIENTED_EDGE('',*,*,#2738,.F.);
#2166=ORIENTED_EDGE('',*,*,#2369,.T.);
#2167=CARTESIAN_POINT('',(-2.0701,-3.3401,0.522499999999942));
#2168=DIRECTION('',(-1.0,0.0,0.0));
#2169=DIRECTION('',(0.0,0.0,1.0));
#2170=ORIENTED_EDGE('',*,*,#2738,.T.);
#2171=ORIENTED_EDGE('',*,*,#2399,.F.);
#2172=ORIENTED_EDGE('',*,*,#2739,.F.);
#2173=ORIENTED_EDGE('',*,*,#2370,.T.);
#2174=CARTESIAN_POINT('',(-2.54,-3.3401,0.522499999999942));
#2175=DIRECTION('',(0.0,0.0,-1.0));
#2176=DIRECTION('',(1.0,0.0,0.0));
#2177=ORIENTED_EDGE('',*,*,#2739,.T.);
#2178=ORIENTED_EDGE('',*,*,#2398,.F.);
#2179=ORIENTED_EDGE('',*,*,#2740,.F.);
#2180=ORIENTED_EDGE('',*,*,#2371,.T.);
#2181=CARTESIAN_POINT('',(-3.0099,-6.731,0.522499999999942));
#2182=DIRECTION('',(1.0,0.0,0.0));
#2183=DIRECTION('',(0.0,1.0,0.0));
#2184=ORIENTED_EDGE('',*,*,#2740,.T.);
#2185=ORIENTED_EDGE('',*,*,#2397,.F.);
#2186=ORIENTED_EDGE('',*,*,#2741,.F.);
#2187=ORIENTED_EDGE('',*,*,#2372,.T.);
#2188=CARTESIAN_POINT('',(-3.2131,-6.731,0.522499999999942));
#2189=DIRECTION('',(0.0,-1.0,0.0));
#2190=DIRECTION('',(0.0,0.0,-1.0));
#2191=ORIENTED_EDGE('',*,*,#2741,.T.);
#2192=ORIENTED_EDGE('',*,*,#2396,.F.);
#2193=ORIENTED_EDGE('',*,*,#2742,.F.);
#2194=ORIENTED_EDGE('',*,*,#2373,.T.);
#2195=CARTESIAN_POINT('',(-4.064,-5.1562,0.522499999999942));
#2196=DIRECTION('',(-0.879786716482392,-0.475368629067096,0.0));
#2197=DIRECTION('',(-0.475368629067096,0.879786716482393,0.0));
#2198=ORIENTED_EDGE('',*,*,#2742,.T.);
#2199=ORIENTED_EDGE('',*,*,#2395,.F.);
#2200=ORIENTED_EDGE('',*,*,#2743,.F.);
#2201=ORIENTED_EDGE('',*,*,#2374,.T.);
#2202=CARTESIAN_POINT('',(-4.064,-4.6482,0.522499999999942));
#2203=DIRECTION('',(-1.0,0.0,0.0));
#2204=DIRECTION('',(0.0,0.0,1.0));
#2205=ORIENTED_EDGE('',*,*,#2743,.T.);
#2206=ORIENTED_EDGE('',*,*,#2394,.F.);
#2207=ORIENTED_EDGE('',*,*,#2392,.F.);
#2208=ORIENTED_EDGE('',*,*,#2375,.T.);
#2209=CARTESIAN_POINT('',(-3.683,-4.191,0.522499999999942));
#2210=DIRECTION('',(-0.768221279597376,0.64018439966448,0.0));
#2211=DIRECTION('',(0.0,0.0,1.0));
#2212=ORIENTED_EDGE('',*,*,#2420,.F.);
#2213=ORIENTED_EDGE('',*,*,#2744,.F.);
#2214=ORIENTED_EDGE('',*,*,#2379,.T.);
#2215=ORIENTED_EDGE('',*,*,#2360,.T.);
#2216=CARTESIAN_POINT('',(3.683,-4.191,0.522499999999942));
#2217=DIRECTION('',(1.0,0.0,0.0));
#2218=DIRECTION('',(0.0,1.0,0.0));
#2219=ORIENTED_EDGE('',*,*,#2744,.T.);
#2220=ORIENTED_EDGE('',*,*,#2419,.F.);
#2221=ORIENTED_EDGE('',*,*,#2745,.F.);
#2222=ORIENTED_EDGE('',*,*,#2380,.T.);
#2223=CARTESIAN_POINT('',(4.064,-4.6482,0.522499999999942));
#2224=DIRECTION('',(0.768221279597376,0.64018439966448,0.0));
#2225=DIRECTION('',(0.0,0.0,-1.0));
#2226=ORIENTED_EDGE('',*,*,#2745,.T.);
#2227=ORIENTED_EDGE('',*,*,#2418,.F.);
#2228=ORIENTED_EDGE('',*,*,#2746,.F.);
#2229=ORIENTED_EDGE('',*,*,#2381,.T.);
#2230=CARTESIAN_POINT('',(4.064,-5.1562,0.522499999999942));
#2231=DIRECTION('',(1.0,0.0,0.0));
#2232=DIRECTION('',(0.0,1.0,0.0));
#2233=ORIENTED_EDGE('',*,*,#2746,.T.);
#2234=ORIENTED_EDGE('',*,*,#2417,.F.);
#2235=ORIENTED_EDGE('',*,*,#2747,.F.);
#2236=ORIENTED_EDGE('',*,*,#2382,.T.);
#2237=CARTESIAN_POINT('',(3.2131,-6.731,0.522499999999942));
#2238=DIRECTION('',(0.879786716482392,-0.475368629067096,0.0));
#2239=DIRECTION('',(0.0,0.0,-1.0));
#2240=ORIENTED_EDGE('',*,*,#2747,.T.);
#2241=ORIENTED_EDGE('',*,*,#2416,.F.);
#2242=ORIENTED_EDGE('',*,*,#2748,.F.);
#2243=ORIENTED_EDGE('',*,*,#2383,.T.);
#2244=CARTESIAN_POINT('',(3.0099,-6.731,0.522499999999942));
#2245=DIRECTION('',(0.0,-1.0,0.0));
#2246=DIRECTION('',(0.0,0.0,-1.0));
#2247=ORIENTED_EDGE('',*,*,#2748,.T.);
#2248=ORIENTED_EDGE('',*,*,#2415,.F.);
#2249=ORIENTED_EDGE('',*,*,#2749,.F.);
#2250=ORIENTED_EDGE('',*,*,#2384,.T.);
#2251=CARTESIAN_POINT('',(3.0099,-3.3401,0.522499999999942));
#2252=DIRECTION('',(-1.0,0.0,0.0));
#2253=DIRECTION('',(0.0,0.0,1.0));
#2254=ORIENTED_EDGE('',*,*,#2749,.T.);
#2255=ORIENTED_EDGE('',*,*,#2414,.F.);
#2256=ORIENTED_EDGE('',*,*,#2750,.F.);
#2257=ORIENTED_EDGE('',*,*,#2385,.T.);
#2258=CARTESIAN_POINT('',(2.54,-3.3401,0.522499999999942));
#2259=DIRECTION('',(0.0,0.0,-1.0));
#2260=DIRECTION('',(1.0,0.0,0.0));
#2261=ORIENTED_EDGE('',*,*,#2750,.T.);
#2262=ORIENTED_EDGE('',*,*,#2413,.F.);
#2263=ORIENTED_EDGE('',*,*,#2751,.F.);
#2264=ORIENTED_EDGE('',*,*,#2386,.T.);
#2265=CARTESIAN_POINT('',(2.0701,-6.731,0.522499999999942));
#2266=DIRECTION('',(1.0,0.0,0.0));
#2267=DIRECTION('',(0.0,1.0,0.0));
#2268=ORIENTED_EDGE('',*,*,#2751,.T.);
#2269=ORIENTED_EDGE('',*,*,#2412,.F.);
#2270=ORIENTED_EDGE('',*,*,#2752,.F.);
#2271=ORIENTED_EDGE('',*,*,#2387,.T.);
#2272=CARTESIAN_POINT('',(1.8669,-6.731,0.522499999999942));
#2273=DIRECTION('',(0.0,-1.0,0.0));
#2274=DIRECTION('',(0.0,0.0,-1.0));
#2275=ORIENTED_EDGE('',*,*,#2752,.T.);
#2276=ORIENTED_EDGE('',*,*,#2411,.F.);
#2277=ORIENTED_EDGE('',*,*,#2753,.F.);
#2278=ORIENTED_EDGE('',*,*,#2388,.T.);
#2279=CARTESIAN_POINT('',(1.016,-5.1562,0.522499999999942));
#2280=DIRECTION('',(-0.879786716482392,-0.475368629067096,0.0));
#2281=DIRECTION('',(-0.475368629067096,0.879786716482393,0.0));
#2282=ORIENTED_EDGE('',*,*,#2753,.T.);
#2283=ORIENTED_EDGE('',*,*,#2410,.F.);
#2284=ORIENTED_EDGE('',*,*,#2754,.F.);
#2285=ORIENTED_EDGE('',*,*,#2389,.T.);
#2286=CARTESIAN_POINT('',(1.016,-4.6482,0.522499999999942));
#2287=DIRECTION('',(-1.0,0.0,0.0));
#2288=DIRECTION('',(0.0,0.0,1.0));
#2289=ORIENTED_EDGE('',*,*,#2754,.T.);
#2290=ORIENTED_EDGE('',*,*,#2409,.F.);
#2291=ORIENTED_EDGE('',*,*,#2755,.F.);
#2292=ORIENTED_EDGE('',*,*,#2390,.T.);
#2293=CARTESIAN_POINT('',(1.397,-4.191,0.522499999999942));
#2294=DIRECTION('',(-0.768221279597376,0.64018439966448,0.0));
#2295=DIRECTION('',(0.0,0.0,1.0));
#2296=ORIENTED_EDGE('',*,*,#2391,.T.);
#2297=ORIENTED_EDGE('',*,*,#2755,.T.);
#2298=ORIENTED_EDGE('',*,*,#2408,.F.);
#2299=ORIENTED_EDGE('',*,*,#2345,.F.);
#2300=CARTESIAN_POINT('',(1.397,-2.54,0.522499999999942));
#2301=DIRECTION('',(-1.0,0.0,0.0));
#2302=DIRECTION('',(0.0,0.0,1.0));
#2303=EDGE_CURVE('',#2756,#2757,#2758,.T.);
#2304=EDGE_CURVE('',#2759,#2756,#2760,.T.);
#2305=EDGE_CURVE('',#2761,#2759,#2762,.T.);
#2306=EDGE_CURVE('',#2757,#2761,#2763,.T.);
#2307=EDGE_CURVE('',#2764,#2761,#2765,.T.);
#2308=EDGE_CURVE('',#2766,#2764,#2767,.T.);
#2309=EDGE_CURVE('',#2766,#2757,#2768,.T.);
#2310=EDGE_CURVE('',#2769,#2770,#2771,.T.);
#2311=EDGE_CURVE('',#2772,#2769,#2773,.T.);
#2312=EDGE_CURVE('',#2774,#2772,#2775,.T.);
#2313=EDGE_CURVE('',#2776,#2774,#2777,.T.);
#2314=EDGE_CURVE('',#2778,#2776,#2779,.T.);
#2315=EDGE_CURVE('',#2780,#2778,#2781,.T.);
#2316=EDGE_CURVE('',#2780,#2782,#2783,.T.);
#2317=EDGE_CURVE('',#2756,#2782,#2784,.T.);
#2318=EDGE_CURVE('',#2785,#2766,#2786,.T.);
#2319=EDGE_CURVE('',#2785,#2787,#2788,.T.);
#2320=EDGE_CURVE('',#2789,#2787,#2790,.T.);
#2321=EDGE_CURVE('',#2791,#2789,#2792,.T.);
#2322=EDGE_CURVE('',#2791,#2793,#2794,.T.);
#2323=EDGE_CURVE('',#2793,#2795,#2796,.T.);
#2324=EDGE_CURVE('',#2797,#2795,#2798,.T.);
#2325=EDGE_CURVE('',#2797,#2799,#2800,.T.);
#2326=EDGE_CURVE('',#2801,#2799,#2802,.T.);
#2327=EDGE_CURVE('',#2801,#2803,#2804,.T.);
#2328=EDGE_CURVE('',#2805,#2803,#2806,.T.);
#2329=EDGE_CURVE('',#2807,#2805,#2808,.T.);
#2330=EDGE_CURVE('',#2807,#2809,#2810,.T.);
#2331=EDGE_CURVE('',#2811,#2809,#2812,.T.);
#2332=EDGE_CURVE('',#2813,#2811,#2814,.T.);
#2333=EDGE_CURVE('',#2813,#2770,#2815,.T.);
#2334=EDGE_CURVE('',#2816,#2817,#2818,.T.);
#2335=EDGE_CURVE('',#2817,#2819,#2820,.T.);
#2336=EDGE_CURVE('',#2787,#2819,#2821,.T.);
#2337=EDGE_CURVE('',#2785,#2822,#2823,.T.);
#2338=EDGE_CURVE('',#2822,#2824,#2825,.T.);
#2339=EDGE_CURVE('',#2826,#2824,#2827,.T.);
#2340=EDGE_CURVE('',#2816,#2826,#2828,.T.);
#2341=EDGE_CURVE('',#2829,#2830,#2831,.T.);
#2342=EDGE_CURVE('',#2830,#2832,#2833,.T.);
#2343=EDGE_CURVE('',#2834,#2832,#2835,.T.);
#2344=EDGE_CURVE('',#2836,#2834,#2837,.T.);
#2345=EDGE_CURVE('',#2836,#2838,#2839,.T.);
#2346=EDGE_CURVE('',#2838,#2840,#2841,.T.);
#2347=EDGE_CURVE('',#2809,#2840,#2842,.T.);
#2348=EDGE_CURVE('',#2807,#2843,#2844,.T.);
#2349=EDGE_CURVE('',#2845,#2843,#2846,.T.);
#2350=EDGE_CURVE('',#2793,#2845,#2847,.T.);
#2351=EDGE_CURVE('',#2791,#2848,#2849,.T.);
#2352=EDGE_CURVE('',#2848,#2850,#2851,.T.);
#2353=EDGE_CURVE('',#2852,#2850,#2853,.T.);
#2354=EDGE_CURVE('',#2829,#2852,#2854,.T.);
#2355=EDGE_CURVE('',#2855,#2856,#2857,.T.);
#2356=EDGE_CURVE('',#2856,#2858,#2859,.T.);
#2357=EDGE_CURVE('',#2770,#2858,#2860,.T.);
#2358=EDGE_CURVE('',#2813,#2861,#2862,.T.);
#2359=EDGE_CURVE('',#2861,#2863,#2864,.T.);
#2360=EDGE_CURVE('',#2865,#2863,#2866,.T.);
#2361=EDGE_CURVE('',#2855,#2865,#2867,.T.);
#2362=EDGE_CURVE('',#2868,#2826,#2869,.T.);
#2363=EDGE_CURVE('',#2829,#2868,#2870,.T.);
#2364=EDGE_CURVE('',#2871,#2852,#2872,.T.);
#2365=EDGE_CURVE('',#2873,#2871,#2874,.T.);
#2366=EDGE_CURVE('',#2875,#2873,#2876,.T.);
#2367=EDGE_CURVE('',#2877,#2875,#2878,.T.);
#2368=EDGE_CURVE('',#2879,#2877,#2880,.T.);
#2369=EDGE_CURVE('',#2881,#2879,#2882,.T.);
#2370=EDGE_CURVE('',#2883,#2881,#2884,.T.);
#2371=EDGE_CURVE('',#2885,#2883,#2886,.T.);
#2372=EDGE_CURVE('',#2887,#2885,#2888,.T.);
#2373=EDGE_CURVE('',#2889,#2887,#2890,.T.);
#2374=EDGE_CURVE('',#2891,#2889,#2892,.T.);
#2375=EDGE_CURVE('',#2893,#2891,#2894,.T.);
#2376=EDGE_CURVE('',#2816,#2893,#2895,.T.);
#2377=EDGE_CURVE('',#2896,#2834,#2897,.T.);
#2378=EDGE_CURVE('',#2855,#2896,#2898,.T.);
#2379=EDGE_CURVE('',#2899,#2865,#2900,.T.);
#2380=EDGE_CURVE('',#2901,#2899,#2902,.T.);
#2381=EDGE_CURVE('',#2903,#2901,#2904,.T.);
#2382=EDGE_CURVE('',#2905,#2903,#2906,.T.);
#2383=EDGE_CURVE('',#2907,#2905,#2908,.T.);
#2384=EDGE_CURVE('',#2909,#2907,#2910,.T.);
#2385=EDGE_CURVE('',#2911,#2909,#2912,.T.);
#2386=EDGE_CURVE('',#2913,#2911,#2914,.T.);
#2387=EDGE_CURVE('',#2915,#2913,#2916,.T.);
#2388=EDGE_CURVE('',#2917,#2915,#2918,.T.);
#2389=EDGE_CURVE('',#2919,#2917,#2920,.T.);
#2390=EDGE_CURVE('',#2921,#2919,#2922,.T.);
#2391=EDGE_CURVE('',#2836,#2921,#2923,.T.);
#2392=EDGE_CURVE('',#2893,#2924,#2925,.T.);
#2393=EDGE_CURVE('',#2817,#2924,#2926,.T.);
#2394=EDGE_CURVE('',#2924,#2927,#2928,.T.);
#2395=EDGE_CURVE('',#2927,#2929,#2930,.T.);
#2396=EDGE_CURVE('',#2929,#2931,#2932,.T.);
#2397=EDGE_CURVE('',#2931,#2933,#2934,.T.);
#2398=EDGE_CURVE('',#2933,#2935,#2936,.T.);
#2399=EDGE_CURVE('',#2935,#2937,#2938,.T.);
#2400=EDGE_CURVE('',#2937,#2939,#2940,.T.);
#2401=EDGE_CURVE('',#2939,#2941,#2942,.T.);
#2402=EDGE_CURVE('',#2941,#2943,#2944,.T.);
#2403=EDGE_CURVE('',#2943,#2945,#2946,.T.);
#2404=EDGE_CURVE('',#2945,#2947,#2948,.T.);
#2405=EDGE_CURVE('',#2947,#2850,#2949,.T.);
#2406=EDGE_CURVE('',#2848,#2950,#2951,.T.);
#2407=EDGE_CURVE('',#2950,#2819,#2952,.T.);
#2408=EDGE_CURVE('',#2838,#2953,#2954,.T.);
#2409=EDGE_CURVE('',#2953,#2955,#2956,.T.);
#2410=EDGE_CURVE('',#2955,#2957,#2958,.T.);
#2411=EDGE_CURVE('',#2957,#2959,#2960,.T.);
#2412=EDGE_CURVE('',#2959,#2961,#2962,.T.);
#2413=EDGE_CURVE('',#2961,#2963,#2964,.T.);
#2414=EDGE_CURVE('',#2963,#2965,#2966,.T.);
#2415=EDGE_CURVE('',#2965,#2967,#2968,.T.);
#2416=EDGE_CURVE('',#2967,#2969,#2970,.T.);
#2417=EDGE_CURVE('',#2969,#2971,#2972,.T.);
#2418=EDGE_CURVE('',#2971,#2973,#2974,.T.);
#2419=EDGE_CURVE('',#2973,#2975,#2976,.T.);
#2420=EDGE_CURVE('',#2975,#2863,#2977,.T.);
#2421=EDGE_CURVE('',#2861,#2978,#2979,.T.);
#2422=EDGE_CURVE('',#2978,#2840,#2980,.T.);
#2423=EDGE_CURVE('',#2981,#2824,#2982,.T.);
#2424=EDGE_CURVE('',#2868,#2981,#2983,.T.);
#2425=EDGE_CURVE('',#2789,#2950,#2984,.T.);
#2426=EDGE_CURVE('',#2830,#2981,#2985,.T.);
#2427=EDGE_CURVE('',#2822,#2764,#2986,.T.);
#2428=EDGE_CURVE('',#2759,#2987,#2988,.T.);
#2429=EDGE_CURVE('',#2989,#2987,#2990,.T.);
#2430=EDGE_CURVE('',#2989,#2991,#2992,.T.);
#2431=EDGE_CURVE('',#2991,#2858,#2993,.T.);
#2432=EDGE_CURVE('',#2856,#2994,#2995,.T.);
#2433=EDGE_CURVE('',#2994,#2832,#2996,.T.);
#2434=EDGE_CURVE('',#2997,#2998,#2999,.T.);
#2435=EDGE_CURVE('',#2998,#3000,#3001,.T.);
#2436=EDGE_CURVE('',#3002,#3000,#3003,.T.);
#2437=EDGE_CURVE('',#2997,#3002,#3004,.T.);
#2438=EDGE_CURVE('',#3005,#3002,#3006,.T.);
#2439=EDGE_CURVE('',#3007,#3005,#3008,.T.);
#2440=EDGE_CURVE('',#3009,#3007,#3010,.T.);
#2441=EDGE_CURVE('',#3011,#3009,#3012,.T.);
#2442=EDGE_CURVE('',#2997,#3011,#3013,.T.);
#2443=EDGE_CURVE('',#3014,#3015,#3016,.T.);
#2444=EDGE_CURVE('',#3014,#3017,#3018,.T.);
#2445=EDGE_CURVE('',#3017,#3019,#3020,.T.);
#2446=EDGE_CURVE('',#3019,#3021,#3022,.T.);
#2447=EDGE_CURVE('',#3021,#3023,#3024,.T.);
#2448=EDGE_CURVE('',#3025,#3023,#3026,.T.);
#2449=EDGE_CURVE('',#3025,#3027,#3028,.T.);
#2450=EDGE_CURVE('',#3029,#3027,#3030,.T.);
#2451=EDGE_CURVE('',#3031,#3029,#3032,.T.);
#2452=EDGE_CURVE('',#3033,#3031,#3034,.T.);
#2453=EDGE_CURVE('',#3035,#3033,#3036,.T.);
#2454=EDGE_CURVE('',#3035,#3037,#3038,.T.);
#2455=EDGE_CURVE('',#3037,#3039,#3040,.T.);
#2456=EDGE_CURVE('',#3039,#3041,#3042,.T.);
#2457=EDGE_CURVE('',#3041,#3043,#3044,.T.);
#2458=EDGE_CURVE('',#3045,#3043,#3046,.T.);
#2459=EDGE_CURVE('',#3045,#3047,#3048,.T.);
#2460=EDGE_CURVE('',#2998,#3047,#3049,.T.);
#2461=EDGE_CURVE('',#3011,#3050,#3051,.T.);
#2462=EDGE_CURVE('',#3052,#3050,#3053,.T.);
#2463=EDGE_CURVE('',#3054,#3052,#3055,.T.);
#2464=EDGE_CURVE('',#3015,#3054,#3056,.T.);
#2465=EDGE_CURVE('',#3057,#3054,#3058,.T.);
#2466=EDGE_CURVE('',#3059,#3057,#3060,.T.);
#2467=EDGE_CURVE('',#3015,#3059,#3061,.T.);
#2468=EDGE_CURVE('',#3062,#3063,#3064,.T.);
#2469=EDGE_CURVE('',#3065,#3062,#3066,.T.);
#2470=EDGE_CURVE('',#3067,#3065,#3068,.T.);
#2471=EDGE_CURVE('',#3063,#3067,#3069,.T.);
#2472=EDGE_CURVE('',#3070,#3071,#3072,.T.);
#2473=EDGE_CURVE('',#3015,#3070,#3073,.T.);
#2474=EDGE_CURVE('',#3059,#3074,#3075,.T.);
#2475=EDGE_CURVE('',#3019,#3074,#3076,.T.);
#2476=EDGE_CURVE('',#3019,#3071,#3077,.T.);
#2477=EDGE_CURVE('',#3078,#3079,#3080,.T.);
#2478=EDGE_CURVE('',#3078,#3081,#3082,.T.);
#2479=EDGE_CURVE('',#3083,#3081,#3084,.T.);
#2480=EDGE_CURVE('',#3085,#3083,#3086,.T.);
#2481=EDGE_CURVE('',#3087,#3085,#3088,.T.);
#2482=EDGE_CURVE('',#3023,#3087,#3089,.T.);
#2483=EDGE_CURVE('',#3021,#3090,#3091,.T.);
#2484=EDGE_CURVE('',#3090,#3092,#3093,.T.);
#2485=EDGE_CURVE('',#3092,#3094,#3095,.T.);
#2486=EDGE_CURVE('',#3094,#3079,#3096,.T.);
#2487=EDGE_CURVE('',#3071,#3097,#3098,.T.);
#2488=EDGE_CURVE('',#3099,#3017,#3100,.T.);
#2489=EDGE_CURVE('',#3101,#3099,#3102,.T.);
#2490=EDGE_CURVE('',#3101,#3097,#3103,.T.);
#2491=EDGE_CURVE('',#3104,#3094,#3105,.T.);
#2492=EDGE_CURVE('',#3104,#3106,#3107,.T.);
#2493=EDGE_CURVE('',#3106,#3079,#3108,.T.);
#2494=EDGE_CURVE('',#3109,#3106,#3110,.T.);
#2495=EDGE_CURVE('',#3109,#3078,#3111,.T.);
#2496=EDGE_CURVE('',#3109,#3112,#3113,.T.);
#2497=EDGE_CURVE('',#3112,#3081,#3114,.T.);
#2498=EDGE_CURVE('',#3115,#3112,#3116,.T.);
#2499=EDGE_CURVE('',#3083,#3115,#3117,.T.);
#2500=EDGE_CURVE('',#3118,#3115,#3119,.T.);
#2501=EDGE_CURVE('',#3118,#3085,#3120,.T.);
#2502=EDGE_CURVE('',#3007,#3118,#3121,.T.);
#2503=EDGE_CURVE('',#3005,#3122,#3123,.T.);
#2504=EDGE_CURVE('',#3124,#3122,#3125,.T.);
#2505=EDGE_CURVE('',#3126,#3124,#3127,.T.);
#2506=EDGE_CURVE('',#3128,#3126,#3129,.T.);
#2507=EDGE_CURVE('',#3085,#3128,#3130,.T.);
#2508=EDGE_CURVE('',#3131,#3126,#3132,.T.);
#2509=EDGE_CURVE('',#3133,#3124,#3134,.T.);
#2510=EDGE_CURVE('',#3135,#3133,#3136,.T.);
#2511=EDGE_CURVE('',#3135,#3131,#3137,.T.);
#2512=EDGE_CURVE('',#3009,#3138,#3139,.T.);
#2513=EDGE_CURVE('',#3140,#3118,#3141,.T.);
#2514=EDGE_CURVE('',#3140,#3138,#3142,.T.);
#2515=EDGE_CURVE('',#3143,#3128,#3144,.T.);
#2516=EDGE_CURVE('',#3143,#3145,#3146,.T.);
#2517=EDGE_CURVE('',#3147,#3145,#3148,.T.);
#2518=EDGE_CURVE('',#3147,#3087,#3149,.T.);
#2519=EDGE_CURVE('',#3043,#3131,#3150,.T.);
#2520=EDGE_CURVE('',#3045,#3135,#3151,.T.);
#2521=EDGE_CURVE('',#3047,#3133,#3152,.T.);
#2522=EDGE_CURVE('',#3050,#3138,#3153,.T.);
#2523=EDGE_CURVE('',#3027,#3145,#3154,.T.);
#2524=EDGE_CURVE('',#3025,#3147,#3155,.T.);
#2525=EDGE_CURVE('',#3122,#3000,#3156,.T.);
#2526=EDGE_CURVE('',#3052,#3140,#3157,.T.);
#2527=EDGE_CURVE('',#3158,#3104,#3159,.T.);
#2528=EDGE_CURVE('',#3160,#3158,#3161,.T.);
#2529=EDGE_CURVE('',#3054,#3160,#3162,.T.);
#2530=EDGE_CURVE('',#3163,#3164,#3165,.T.);
#2531=EDGE_CURVE('',#3164,#3014,#3166,.T.);
#2532=EDGE_CURVE('',#3070,#3167,#3168,.T.);
#2533=EDGE_CURVE('',#3163,#3167,#3169,.T.);
#2534=EDGE_CURVE('',#3170,#3021,#3171,.T.);
#2535=EDGE_CURVE('',#3057,#3170,#3172,.T.);
#2536=EDGE_CURVE('',#3160,#3090,#3173,.T.);
#2537=EDGE_CURVE('',#3158,#3092,#3174,.T.);
#2538=EDGE_CURVE('',#3170,#3175,#3176,.T.);
#2539=EDGE_CURVE('',#3177,#3175,#3178,.T.);
#2540=EDGE_CURVE('',#3057,#3177,#3179,.T.);
#2541=EDGE_CURVE('',#3180,#3177,#3181,.T.);
#2542=EDGE_CURVE('',#3059,#3180,#3182,.T.);
#2543=EDGE_CURVE('',#3183,#3074,#3184,.T.);
#2544=EDGE_CURVE('',#3180,#3183,#3185,.T.);
#2545=EDGE_CURVE('',#3183,#3175,#3186,.T.);
#2546=EDGE_CURVE('',#3074,#3170,#3187,.T.);
#2547=EDGE_CURVE('',#3188,#3189,#3190,.T.);
#2548=EDGE_CURVE('',#3189,#3191,#3192,.T.);
#2549=EDGE_CURVE('',#3191,#3193,#3194,.T.);
#2550=EDGE_CURVE('',#3193,#3188,#3195,.T.);
#2551=EDGE_CURVE('',#3196,#3193,#3197,.T.);
#2552=EDGE_CURVE('',#3196,#3198,#3199,.T.);
#2553=EDGE_CURVE('',#3198,#3188,#3200,.T.);
#2554=EDGE_CURVE('',#3201,#3198,#3202,.T.);
#2555=EDGE_CURVE('',#3201,#3067,#3203,.T.);
#2556=EDGE_CURVE('',#3067,#3188,#3204,.T.);
#2557=EDGE_CURVE('',#3065,#3189,#3205,.T.);
#2558=EDGE_CURVE('',#3206,#3189,#3207,.T.);
#2559=EDGE_CURVE('',#3065,#3208,#3209,.T.);
#2560=EDGE_CURVE('',#3208,#3206,#3210,.T.);
#2561=EDGE_CURVE('',#3211,#3212,#3213,.T.);
#2562=EDGE_CURVE('',#3206,#3212,#3214,.T.);
#2563=EDGE_CURVE('',#3208,#3211,#3215,.T.);
#2564=EDGE_CURVE('',#3062,#3211,#3216,.T.);
#2565=EDGE_CURVE('',#3191,#3212,#3217,.T.);
#2566=EDGE_CURVE('',#3062,#3191,#3218,.T.);
#2567=EDGE_CURVE('',#3063,#3193,#3219,.T.);
#2568=EDGE_CURVE('',#3220,#3063,#3221,.T.);
#2569=EDGE_CURVE('',#3220,#3196,#3222,.T.);
#2570=EDGE_CURVE('',#3223,#3224,#3225,.T.);
#2571=EDGE_CURVE('',#3224,#3226,#3227,.T.);
#2572=EDGE_CURVE('',#3228,#3226,#3229,.T.);
#2573=EDGE_CURVE('',#3228,#3230,#3231,.T.);
#2574=EDGE_CURVE('',#3230,#3232,#3233,.T.);
#2575=EDGE_CURVE('',#3232,#3234,#3235,.T.);
#2576=EDGE_CURVE('',#3234,#3236,#3237,.T.);
#2577=EDGE_CURVE('',#3236,#3238,#3239,.T.);
#2578=EDGE_CURVE('',#3238,#2845,#3240,.T.);
#2579=EDGE_CURVE('',#2843,#3241,#3242,.T.);
#2580=EDGE_CURVE('',#3241,#3223,#3243,.T.);
#2581=EDGE_CURVE('',#3244,#3245,#3246,.T.);
#2582=EDGE_CURVE('',#3244,#3247,#3248,.T.);
#2583=EDGE_CURVE('',#3247,#3249,#3250,.T.);
#2584=EDGE_CURVE('',#3245,#3249,#3251,.T.);
#2585=EDGE_CURVE('',#3220,#3201,#3252,.T.);
#2586=EDGE_CURVE('',#3253,#3236,#3254,.T.);
#2587=EDGE_CURVE('',#3253,#3255,#3256,.T.);
#2588=EDGE_CURVE('',#3238,#3255,#3257,.T.);
#2589=EDGE_CURVE('',#3258,#3259,#3260,.T.);
#2590=EDGE_CURVE('',#3259,#3223,#3261,.T.);
#2591=EDGE_CURVE('',#3241,#3258,#3262,.T.);
#2592=EDGE_CURVE('',#2795,#3255,#3263,.T.);
#2593=EDGE_CURVE('',#3253,#2797,#3264,.T.);
#2594=EDGE_CURVE('',#2803,#3259,#3265,.T.);
#2595=EDGE_CURVE('',#2805,#3258,#3266,.T.);
#2596=EDGE_CURVE('',#2799,#3267,#3268,.T.);
#2597=EDGE_CURVE('',#3253,#3267,#3269,.T.);
#2598=EDGE_CURVE('',#3270,#3234,#3271,.T.);
#2599=EDGE_CURVE('',#3270,#3272,#3273,.T.);
#2600=EDGE_CURVE('',#3274,#3272,#3275,.T.);
#2601=EDGE_CURVE('',#3276,#3274,#3277,.T.);
#2602=EDGE_CURVE('',#3276,#3278,#3279,.T.);
#2603=EDGE_CURVE('',#3278,#3280,#3281,.T.);
#2604=EDGE_CURVE('',#3267,#3280,#3282,.T.);
#2605=EDGE_CURVE('',#3283,#3284,#3285,.T.);
#2606=EDGE_CURVE('',#3284,#3286,#3287,.T.);
#2607=EDGE_CURVE('',#3288,#3286,#3289,.T.);
#2608=EDGE_CURVE('',#3288,#3267,#3290,.T.);
#2609=EDGE_CURVE('',#3280,#3283,#3291,.T.);
#2610=EDGE_CURVE('',#3292,#3283,#3293,.T.);
#2611=EDGE_CURVE('',#3278,#3292,#3294,.T.);
#2612=EDGE_CURVE('',#3295,#3276,#3296,.T.);
#2613=EDGE_CURVE('',#3295,#2780,#3297,.T.);
#2614=EDGE_CURVE('',#3298,#2778,#3299,.T.);
#2615=EDGE_CURVE('',#3300,#3298,#3301,.T.);
#2616=EDGE_CURVE('',#3300,#3302,#3303,.T.);
#2617=EDGE_CURVE('',#3304,#3302,#3305,.T.);
#2618=EDGE_CURVE('',#3292,#3304,#3306,.T.);
#2619=EDGE_CURVE('',#3304,#3284,#3307,.T.);
#2620=EDGE_CURVE('',#3302,#3286,#3308,.T.);
#2621=EDGE_CURVE('',#3309,#3310,#3311,.T.);
#2622=EDGE_CURVE('',#3312,#3309,#3313,.T.);
#2623=EDGE_CURVE('',#3312,#3224,#3314,.T.);
#2624=EDGE_CURVE('',#3288,#3259,#3315,.T.);
#2625=EDGE_CURVE('',#3310,#3300,#3316,.T.);
#2626=EDGE_CURVE('',#3317,#3274,#3318,.T.);
#2627=EDGE_CURVE('',#3317,#3295,#3319,.T.);
#2628=EDGE_CURVE('',#3320,#3298,#3321,.T.);
#2629=EDGE_CURVE('',#3310,#3320,#3322,.T.);
#2630=EDGE_CURVE('',#2782,#3317,#3323,.T.);
#2631=EDGE_CURVE('',#3324,#3310,#3325,.T.);
#2632=EDGE_CURVE('',#2776,#3320,#3326,.T.);
#2633=EDGE_CURVE('',#2987,#2774,#3327,.T.);
#2634=EDGE_CURVE('',#3274,#3328,#3329,.T.);
#2635=EDGE_CURVE('',#3230,#3328,#3330,.T.);
#2636=EDGE_CURVE('',#3324,#3228,#3331,.T.);
#2637=EDGE_CURVE('',#3226,#3332,#3333,.T.);
#2638=EDGE_CURVE('',#3332,#3334,#3335,.T.);
#2639=EDGE_CURVE('',#3334,#3324,#3336,.T.);
#2640=EDGE_CURVE('',#3334,#3309,#3337,.T.);
#2641=EDGE_CURVE('',#3272,#3338,#3339,.T.);
#2642=EDGE_CURVE('',#3338,#3328,#3340,.T.);
#2643=EDGE_CURVE('',#3332,#3312,#3341,.T.);
#2644=EDGE_CURVE('',#3270,#3342,#3343,.T.);
#2645=EDGE_CURVE('',#3232,#3342,#3344,.T.);
#2646=EDGE_CURVE('',#3342,#3338,#3345,.T.);
#2647=EDGE_CURVE('',#2772,#2989,#3346,.T.);
#2648=EDGE_CURVE('',#2769,#2991,#3347,.T.);
#2649=EDGE_CURVE('',#2801,#3288,#3348,.T.);
#2650=EDGE_CURVE('',#3245,#3349,#3350,.T.);
#2651=EDGE_CURVE('',#3249,#3351,#3352,.T.);
#2652=EDGE_CURVE('',#3349,#3351,#3353,.T.);
#2653=EDGE_CURVE('',#3354,#3355,#3356,.T.);
#2654=EDGE_CURVE('',#3355,#3349,#3357,.T.);
#2655=EDGE_CURVE('',#3351,#3354,#3358,.T.);
#2656=EDGE_CURVE('',#3039,#3359,#3360,.T.);
#2657=EDGE_CURVE('',#3359,#3361,#3362,.T.);
#2658=EDGE_CURVE('',#3361,#3041,#3363,.T.);
#2659=EDGE_CURVE('',#3364,#3354,#3365,.T.);
#2660=EDGE_CURVE('',#3366,#3351,#3367,.T.);
#2661=EDGE_CURVE('',#3366,#3364,#3368,.T.);
#2662=EDGE_CURVE('',#3369,#3366,#3370,.T.);
#2663=EDGE_CURVE('',#3371,#3369,#3372,.T.);
#2664=EDGE_CURVE('',#3364,#3371,#3373,.T.);
#2665=EDGE_CURVE('',#3374,#3031,#3375,.T.);
#2666=EDGE_CURVE('',#3376,#3374,#3377,.T.);
#2667=EDGE_CURVE('',#3033,#3376,#3378,.T.);
#2668=EDGE_CURVE('',#3371,#3379,#3380,.T.);
#2669=EDGE_CURVE('',#3381,#3379,#3382,.T.);
#2670=EDGE_CURVE('',#3364,#3381,#3383,.T.);
#2671=EDGE_CURVE('',#3384,#3354,#3385,.T.);
#2672=EDGE_CURVE('',#3381,#3384,#3386,.T.);
#2673=EDGE_CURVE('',#3379,#3387,#3388,.T.);
#2674=EDGE_CURVE('',#3384,#3387,#3389,.T.);
#2675=EDGE_CURVE('',#3355,#3387,#3390,.T.);
#2676=EDGE_CURVE('',#3371,#3355,#3391,.T.);
#2677=EDGE_CURVE('',#3369,#3349,#3392,.T.);
#2678=EDGE_CURVE('',#3244,#3369,#3393,.T.);
#2679=EDGE_CURVE('',#3247,#3366,#3394,.T.);
#2680=EDGE_CURVE('',#3395,#3396,#3397,.T.);
#2681=EDGE_CURVE('',#3033,#3395,#3398,.T.);
#2682=EDGE_CURVE('',#3376,#3359,#3399,.T.);
#2683=EDGE_CURVE('',#3039,#3396,#3400,.T.);
#2684=EDGE_CURVE('',#3401,#3402,#3403,.T.);
#2685=EDGE_CURVE('',#3401,#3404,#3405,.T.);
#2686=EDGE_CURVE('',#3406,#3404,#3407,.T.);
#2687=EDGE_CURVE('',#3126,#3406,#3408,.T.);
#2688=EDGE_CURVE('',#3041,#3409,#3410,.T.);
#2689=EDGE_CURVE('',#3409,#3411,#3412,.T.);
#2690=EDGE_CURVE('',#3411,#3413,#3414,.T.);
#2691=EDGE_CURVE('',#3413,#3402,#3415,.T.);
#2692=EDGE_CURVE('',#3396,#3416,#3417,.T.);
#2693=EDGE_CURVE('',#3418,#3037,#3419,.T.);
#2694=EDGE_CURVE('',#3420,#3418,#3421,.T.);
#2695=EDGE_CURVE('',#3420,#3416,#3422,.T.);
#2696=EDGE_CURVE('',#3423,#3413,#3424,.T.);
#2697=EDGE_CURVE('',#3423,#3425,#3426,.T.);
#2698=EDGE_CURVE('',#3425,#3402,#3427,.T.);
#2699=EDGE_CURVE('',#3428,#3425,#3429,.T.);
#2700=EDGE_CURVE('',#3428,#3401,#3430,.T.);
#2701=EDGE_CURVE('',#3428,#3431,#3432,.T.);
#2702=EDGE_CURVE('',#3431,#3404,#3433,.T.);
#2703=EDGE_CURVE('',#3434,#3431,#3435,.T.);
#2704=EDGE_CURVE('',#3406,#3434,#3436,.T.);
#2705=EDGE_CURVE('',#3128,#3434,#3437,.T.);
#2706=EDGE_CURVE('',#3438,#3423,#3439,.T.);
#2707=EDGE_CURVE('',#3440,#3438,#3441,.T.);
#2708=EDGE_CURVE('',#3031,#3440,#3442,.T.);
#2709=EDGE_CURVE('',#3029,#3143,#3443,.T.);
#2710=EDGE_CURVE('',#3444,#3445,#3446,.T.);
#2711=EDGE_CURVE('',#3445,#3035,#3447,.T.);
#2712=EDGE_CURVE('',#3395,#3448,#3449,.T.);
#2713=EDGE_CURVE('',#3444,#3448,#3450,.T.);
#2714=EDGE_CURVE('',#3374,#3361,#3451,.T.);
#2715=EDGE_CURVE('',#3440,#3409,#3452,.T.);
#2716=EDGE_CURVE('',#3438,#3411,#3453,.T.);
#2717=EDGE_CURVE('',#3361,#3454,#3455,.T.);
#2718=EDGE_CURVE('',#3456,#3454,#3457,.T.);
#2719=EDGE_CURVE('',#3374,#3456,#3458,.T.);
#2720=EDGE_CURVE('',#3459,#3456,#3460,.T.);
#2721=EDGE_CURVE('',#3376,#3459,#3461,.T.);
#2722=EDGE_CURVE('',#3462,#3359,#3463,.T.);
#2723=EDGE_CURVE('',#3459,#3462,#3464,.T.);
#2724=EDGE_CURVE('',#3462,#3454,#3465,.T.);
#2725=EDGE_CURVE('',#3444,#3420,#3466,.T.);
#2726=EDGE_CURVE('',#3448,#3416,#3467,.T.);
#2727=EDGE_CURVE('',#3418,#3445,#3468,.T.);
#2728=EDGE_CURVE('',#3163,#3101,#3469,.T.);
#2729=EDGE_CURVE('',#3167,#3097,#3470,.T.);
#2730=EDGE_CURVE('',#3099,#3164,#3471,.T.);
#2731=EDGE_CURVE('',#2896,#2994,#3472,.T.);
#2732=EDGE_CURVE('',#2811,#2978,#3473,.T.);
#2733=EDGE_CURVE('',#2871,#2947,#3474,.T.);
#2734=EDGE_CURVE('',#2873,#2945,#3475,.T.);
#2735=EDGE_CURVE('',#2875,#2943,#3476,.T.);
#2736=EDGE_CURVE('',#2877,#2941,#3477,.T.);
#2737=EDGE_CURVE('',#2879,#2939,#3478,.T.);
#2738=EDGE_CURVE('',#2881,#2937,#3479,.T.);
#2739=EDGE_CURVE('',#2883,#2935,#3480,.T.);
#2740=EDGE_CURVE('',#2885,#2933,#3481,.T.);
#2741=EDGE_CURVE('',#2887,#2931,#3482,.T.);
#2742=EDGE_CURVE('',#2889,#2929,#3483,.T.);
#2743=EDGE_CURVE('',#2891,#2927,#3484,.T.);
#2744=EDGE_CURVE('',#2899,#2975,#3485,.T.);
#2745=EDGE_CURVE('',#2901,#2973,#3486,.T.);
#2746=EDGE_CURVE('',#2903,#2971,#3487,.T.);
#2747=EDGE_CURVE('',#2905,#2969,#3488,.T.);
#2748=EDGE_CURVE('',#2907,#2967,#3489,.T.);
#2749=EDGE_CURVE('',#2909,#2965,#3490,.T.);
#2750=EDGE_CURVE('',#2911,#2963,#3491,.T.);
#2751=EDGE_CURVE('',#2913,#2961,#3492,.T.);
#2752=EDGE_CURVE('',#2915,#2959,#3493,.T.);
#2753=EDGE_CURVE('',#2917,#2957,#3494,.T.);
#2754=EDGE_CURVE('',#2919,#2955,#3495,.T.);
#2755=EDGE_CURVE('',#2921,#2953,#3496,.T.);
#2756=VERTEX_POINT('',#3497);
#2757=VERTEX_POINT('',#3498);
#2758=LINE('',#3499,#3500);
#2759=VERTEX_POINT('',#3501);
#2760=LINE('',#3502,#3503);
#2761=VERTEX_POINT('',#3504);
#2762=LINE('',#3505,#3506);
#2763=LINE('',#3507,#3508);
#2764=VERTEX_POINT('',#3509);
#2765=LINE('',#3510,#3511);
#2766=VERTEX_POINT('',#3512);
#2767=LINE('',#3513,#3514);
#2768=LINE('',#3515,#3516);
#2769=VERTEX_POINT('',#3517);
#2770=VERTEX_POINT('',#3518);
#2771=LINE('',#3519,#3520);
#2772=VERTEX_POINT('',#3521);
#2773=LINE('',#3522,#3523);
#2774=VERTEX_POINT('',#3524);
#2775=LINE('',#3525,#3526);
#2776=VERTEX_POINT('',#3527);
#2777=LINE('',#3528,#3529);
#2778=VERTEX_POINT('',#3530);
#2779=LINE('',#3531,#3532);
#2780=VERTEX_POINT('',#3533);
#2781=LINE('',#3534,#3535);
#2782=VERTEX_POINT('',#3536);
#2783=LINE('',#3537,#3538);
#2784=LINE('',#3539,#3540);
#2785=VERTEX_POINT('',#3541);
#2786=LINE('',#3542,#3543);
#2787=VERTEX_POINT('',#3544);
#2788=LINE('',#3545,#3546);
#2789=VERTEX_POINT('',#3547);
#2790=LINE('',#3548,#3549);
#2791=VERTEX_POINT('',#3550);
#2792=LINE('',#3551,#3552);
#2793=VERTEX_POINT('',#3553);
#2794=LINE('',#3554,#3555);
#2795=VERTEX_POINT('',#3556);
#2796=LINE('',#3557,#3558);
#2797=VERTEX_POINT('',#3559);
#2798=LINE('',#3560,#3561);
#2799=VERTEX_POINT('',#3562);
#2800=LINE('',#3563,#3564);
#2801=VERTEX_POINT('',#3565);
#2802=LINE('',#3566,#3567);
#2803=VERTEX_POINT('',#3568);
#2804=LINE('',#3569,#3570);
#2805=VERTEX_POINT('',#3571);
#2806=LINE('',#3572,#3573);
#2807=VERTEX_POINT('',#3574);
#2808=LINE('',#3575,#3576);
#2809=VERTEX_POINT('',#3577);
#2810=LINE('',#3578,#3579);
#2811=VERTEX_POINT('',#3580);
#2812=LINE('',#3581,#3582);
#2813=VERTEX_POINT('',#3583);
#2814=LINE('',#3584,#3585);
#2815=LINE('',#3586,#3587);
#2816=VERTEX_POINT('',#3588);
#2817=VERTEX_POINT('',#3589);
#2818=LINE('',#3590,#3591);
#2819=VERTEX_POINT('',#3592);
#2820=LINE('',#3593,#3594);
#2821=LINE('',#3595,#3596);
#2822=VERTEX_POINT('',#3597);
#2823=LINE('',#3598,#3599);
#2824=VERTEX_POINT('',#3600);
#2825=LINE('',#3601,#3602);
#2826=VERTEX_POINT('',#3603);
#2827=LINE('',#3604,#3605);
#2828=LINE('',#3606,#3607);
#2829=VERTEX_POINT('',#3608);
#2830=VERTEX_POINT('',#3609);
#2831=LINE('',#3610,#3611);
#2832=VERTEX_POINT('',#3612);
#2833=LINE('',#3613,#3614);
#2834=VERTEX_POINT('',#3615);
#2835=LINE('',#3616,#3617);
#2836=VERTEX_POINT('',#3618);
#2837=LINE('',#3619,#3620);
#2838=VERTEX_POINT('',#3621);
#2839=LINE('',#3622,#3623);
#2840=VERTEX_POINT('',#3624);
#2841=LINE('',#3625,#3626);
#2842=LINE('',#3627,#3628);
#2843=VERTEX_POINT('',#3629);
#2844=LINE('',#3630,#3631);
#2845=VERTEX_POINT('',#3632);
#2846=LINE('',#3633,#3634);
#2847=LINE('',#3635,#3636);
#2848=VERTEX_POINT('',#3637);
#2849=LINE('',#3638,#3639);
#2850=VERTEX_POINT('',#3640);
#2851=LINE('',#3641,#3642);
#2852=VERTEX_POINT('',#3643);
#2853=LINE('',#3644,#3645);
#2854=LINE('',#3646,#3647);
#2855=VERTEX_POINT('',#3648);
#2856=VERTEX_POINT('',#3649);
#2857=LINE('',#3650,#3651);
#2858=VERTEX_POINT('',#3652);
#2859=LINE('',#3653,#3654);
#2860=LINE('',#3655,#3656);
#2861=VERTEX_POINT('',#3657);
#2862=LINE('',#3658,#3659);
#2863=VERTEX_POINT('',#3660);
#2864=LINE('',#3661,#3662);
#2865=VERTEX_POINT('',#3663);
#2866=LINE('',#3664,#3665);
#2867=LINE('',#3666,#3667);
#2868=VERTEX_POINT('',#3668);
#2869=LINE('',#3669,#3670);
#2870=LINE('',#3671,#3672);
#2871=VERTEX_POINT('',#3673);
#2872=LINE('',#3674,#3675);
#2873=VERTEX_POINT('',#3676);
#2874=LINE('',#3677,#3678);
#2875=VERTEX_POINT('',#3679);
#2876=LINE('',#3680,#3681);
#2877=VERTEX_POINT('',#3682);
#2878=LINE('',#3683,#3684);
#2879=VERTEX_POINT('',#3685);
#2880=LINE('',#3686,#3687);
#2881=VERTEX_POINT('',#3688);
#2882=LINE('',#3689,#3690);
#2883=VERTEX_POINT('',#3691);
#2884=CIRCLE('',#3692,0.4699);
#2885=VERTEX_POINT('',#3693);
#2886=LINE('',#3694,#3695);
#2887=VERTEX_POINT('',#3696);
#2888=LINE('',#3697,#3698);
#2889=VERTEX_POINT('',#3699);
#2890=LINE('',#3700,#3701);
#2891=VERTEX_POINT('',#3702);
#2892=LINE('',#3703,#3704);
#2893=VERTEX_POINT('',#3705);
#2894=LINE('',#3706,#3707);
#2895=LINE('',#3708,#3709);
#2896=VERTEX_POINT('',#3710);
#2897=LINE('',#3711,#3712);
#2898=LINE('',#3713,#3714);
#2899=VERTEX_POINT('',#3715);
#2900=LINE('',#3716,#3717);
#2901=VERTEX_POINT('',#3718);
#2902=LINE('',#3719,#3720);
#2903=VERTEX_POINT('',#3721);
#2904=LINE('',#3722,#3723);
#2905=VERTEX_POINT('',#3724);
#2906=LINE('',#3725,#3726);
#2907=VERTEX_POINT('',#3727);
#2908=LINE('',#3728,#3729);
#2909=VERTEX_POINT('',#3730);
#2910=LINE('',#3731,#3732);
#2911=VERTEX_POINT('',#3733);
#2912=CIRCLE('',#3734,0.4699);
#2913=VERTEX_POINT('',#3735);
#2914=LINE('',#3736,#3737);
#2915=VERTEX_POINT('',#3738);
#2916=LINE('',#3739,#3740);
#2917=VERTEX_POINT('',#3741);
#2918=LINE('',#3742,#3743);
#2919=VERTEX_POINT('',#3744);
#2920=LINE('',#3745,#3746);
#2921=VERTEX_POINT('',#3747);
#2922=LINE('',#3748,#3749);
#2923=LINE('',#3750,#3751);
#2924=VERTEX_POINT('',#3752);
#2925=LINE('',#3753,#3754);
#2926=LINE('',#3755,#3756);
#2927=VERTEX_POINT('',#3757);
#2928=LINE('',#3758,#3759);
#2929=VERTEX_POINT('',#3760);
#2930=LINE('',#3761,#3762);
#2931=VERTEX_POINT('',#3763);
#2932=LINE('',#3764,#3765);
#2933=VERTEX_POINT('',#3766);
#2934=LINE('',#3767,#3768);
#2935=VERTEX_POINT('',#3769);
#2936=LINE('',#3770,#3771);
#2937=VERTEX_POINT('',#3772);
#2938=CIRCLE('',#3773,0.4699);
#2939=VERTEX_POINT('',#3774);
#2940=LINE('',#3775,#3776);
#2941=VERTEX_POINT('',#3777);
#2942=LINE('',#3778,#3779);
#2943=VERTEX_POINT('',#3780);
#2944=LINE('',#3781,#3782);
#2945=VERTEX_POINT('',#3783);
#2946=LINE('',#3784,#3785);
#2947=VERTEX_POINT('',#3786);
#2948=LINE('',#3787,#3788);
#2949=LINE('',#3789,#3790);
#2950=VERTEX_POINT('',#3791);
#2951=LINE('',#3792,#3793);
#2952=LINE('',#3794,#3795);
#2953=VERTEX_POINT('',#3796);
#2954=LINE('',#3797,#3798);
#2955=VERTEX_POINT('',#3799);
#2956=LINE('',#3800,#3801);
#2957=VERTEX_POINT('',#3802);
#2958=LINE('',#3803,#3804);
#2959=VERTEX_POINT('',#3805);
#2960=LINE('',#3806,#3807);
#2961=VERTEX_POINT('',#3808);
#2962=LINE('',#3809,#3810);
#2963=VERTEX_POINT('',#3811);
#2964=LINE('',#3812,#3813);
#2965=VERTEX_POINT('',#3814);
#2966=CIRCLE('',#3815,0.4699);
#2967=VERTEX_POINT('',#3816);
#2968=LINE('',#3817,#3818);
#2969=VERTEX_POINT('',#3819);
#2970=LINE('',#3820,#3821);
#2971=VERTEX_POINT('',#3822);
#2972=LINE('',#3823,#3824);
#2973=VERTEX_POINT('',#3825);
#2974=LINE('',#3826,#3827);
#2975=VERTEX_POINT('',#3828);
#2976=LINE('',#3829,#3830);
#2977=LINE('',#3831,#3832);
#2978=VERTEX_POINT('',#3833);
#2979=LINE('',#3834,#3835);
#2980=LINE('',#3836,#3837);
#2981=VERTEX_POINT('',#3838);
#2982=LINE('',#3839,#3840);
#2983=LINE('',#3841,#3842);
#2984=LINE('',#3843,#3844);
#2985=LINE('',#3845,#3846);
#2986=LINE('',#3847,#3848);
#2987=VERTEX_POINT('',#3849);
#2988=LINE('',#3850,#3851);
#2989=VERTEX_POINT('',#3852);
#2990=LINE('',#3853,#3854);
#2991=VERTEX_POINT('',#3855);
#2992=LINE('',#3856,#3857);
#2993=LINE('',#3858,#3859);
#2994=VERTEX_POINT('',#3860);
#2995=LINE('',#3861,#3862);
#2996=LINE('',#3863,#3864);
#2997=VERTEX_POINT('',#3865);
#2998=VERTEX_POINT('',#3866);
#2999=LINE('',#3867,#3868);
#3000=VERTEX_POINT('',#3869);
#3001=LINE('',#3870,#3871);
#3002=VERTEX_POINT('',#3872);
#3003=LINE('',#3873,#3874);
#3004=LINE('',#3875,#3876);
#3005=VERTEX_POINT('',#3877);
#3006=LINE('',#3878,#3879);
#3007=VERTEX_POINT('',#3880);
#3008=LINE('',#3881,#3882);
#3009=VERTEX_POINT('',#3883);
#3010=LINE('',#3884,#3885);
#3011=VERTEX_POINT('',#3886);
#3012=LINE('',#3887,#3888);
#3013=LINE('',#3889,#3890);
#3014=VERTEX_POINT('',#3891);
#3015=VERTEX_POINT('',#3892);
#3016=LINE('',#3893,#3894);
#3017=VERTEX_POINT('',#3895);
#3018=LINE('',#3896,#3897);
#3019=VERTEX_POINT('',#3898);
#3020=LINE('',#3899,#3900);
#3021=VERTEX_POINT('',#3901);
#3022=LINE('',#3902,#3903);
#3023=VERTEX_POINT('',#3904);
#3024=LINE('',#3905,#3906);
#3025=VERTEX_POINT('',#3907);
#3026=CIRCLE('',#3908,0.30000000000007);
#3027=VERTEX_POINT('',#3909);
#3028=LINE('',#3910,#3911);
#3029=VERTEX_POINT('',#3912);
#3030=CIRCLE('',#3913,0.30000000000007);
#3031=VERTEX_POINT('',#3914);
#3032=LINE('',#3915,#3916);
#3033=VERTEX_POINT('',#3917);
#3034=LINE('',#3918,#3919);
#3035=VERTEX_POINT('',#3920);
#3036=LINE('',#3921,#3922);
#3037=VERTEX_POINT('',#3923);
#3038=LINE('',#3924,#3925);
#3039=VERTEX_POINT('',#3926);
#3040=LINE('',#3927,#3928);
#3041=VERTEX_POINT('',#3929);
#3042=LINE('',#3930,#3931);
#3043=VERTEX_POINT('',#3932);
#3044=LINE('',#3933,#3934);
#3045=VERTEX_POINT('',#3935);
#3046=CIRCLE('',#3936,0.30000000000007);
#3047=VERTEX_POINT('',#3937);
#3048=LINE('',#3938,#3939);
#3049=LINE('',#3940,#3941);
#3050=VERTEX_POINT('',#3942);
#3051=LINE('',#3943,#3944);
#3052=VERTEX_POINT('',#3945);
#3053=CIRCLE('',#3946,0.30000000000007);
#3054=VERTEX_POINT('',#3947);
#3055=LINE('',#3948,#3949);
#3056=LINE('',#3950,#3951);
#3057=VERTEX_POINT('',#3952);
#3058=LINE('',#3953,#3954);
#3059=VERTEX_POINT('',#3955);
#3060=LINE('',#3956,#3957);
#3061=LINE('',#3958,#3959);
#3062=VERTEX_POINT('',#3960);
#3063=VERTEX_POINT('',#3961);
#3064=LINE('',#3962,#3963);
#3065=VERTEX_POINT('',#3964);
#3066=LINE('',#3965,#3966);
#3067=VERTEX_POINT('',#3967);
#3068=LINE('',#3968,#3969);
#3069=LINE('',#3970,#3971);
#3070=VERTEX_POINT('',#3972);
#3071=VERTEX_POINT('',#3973);
#3072=LINE('',#3974,#3975);
#3073=LINE('',#3976,#3977);
#3074=VERTEX_POINT('',#3978);
#3075=LINE('',#3979,#3980);
#3076=LINE('',#3981,#3982);
#3077=LINE('',#3983,#3984);
#3078=VERTEX_POINT('',#3985);
#3079=VERTEX_POINT('',#3986);
#3080=LINE('',#3987,#3988);
#3081=VERTEX_POINT('',#3989);
#3082=LINE('',#3990,#3991);
#3083=VERTEX_POINT('',#3992);
#3084=LINE('',#3993,#3994);
#3085=VERTEX_POINT('',#3995);
#3086=LINE('',#3996,#3997);
#3087=VERTEX_POINT('',#3998);
#3088=LINE('',#3999,#4000);
#3089=LINE('',#4001,#4002);
#3090=VERTEX_POINT('',#4003);
#3091=LINE('',#4004,#4005);
#3092=VERTEX_POINT('',#4006);
#3093=CIRCLE('',#4007,0.93999999999878);
#3094=VERTEX_POINT('',#4008);
#3095=LINE('',#4009,#4010);
#3096=LINE('',#4011,#4012);
#3097=VERTEX_POINT('',#4013);
#3098=CIRCLE('',#4014,0.2999999999988);
#3099=VERTEX_POINT('',#4015);
#3100=LINE('',#4016,#4017);
#3101=VERTEX_POINT('',#4018);
#3102=CIRCLE('',#4019,0.500000000000032);
#3103=LINE('',#4020,#4021);
#3104=VERTEX_POINT('',#4022);
#3105=LINE('',#4023,#4024);
#3106=VERTEX_POINT('',#4025);
#3107=LINE('',#4026,#4027);
#3108=LINE('',#4028,#4029);
#3109=VERTEX_POINT('',#4030);
#3110=LINE('',#4031,#4032);
#3111=LINE('',#4033,#4034);
#3112=VERTEX_POINT('',#4035);
#3113=LINE('',#4036,#4037);
#3114=LINE('',#4038,#4039);
#3115=VERTEX_POINT('',#4040);
#3116=LINE('',#4041,#4042);
#3117=LINE('',#4043,#4044);
#3118=VERTEX_POINT('',#4045);
#3119=LINE('',#4046,#4047);
#3120=LINE('',#4048,#4049);
#3121=LINE('',#4050,#4051);
#3122=VERTEX_POINT('',#4052);
#3123=LINE('',#4053,#4054);
#3124=VERTEX_POINT('',#4055);
#3125=LINE('',#4056,#4057);
#3126=VERTEX_POINT('',#4058);
#3127=LINE('',#4059,#4060);
#3128=VERTEX_POINT('',#4061);
#3129=LINE('',#4062,#4063);
#3130=LINE('',#4064,#4065);
#3131=VERTEX_POINT('',#4066);
#3132=LINE('',#4067,#4068);
#3133=VERTEX_POINT('',#4069);
#3134=LINE('',#4070,#4071);
#3135=VERTEX_POINT('',#4072);
#3136=LINE('',#4073,#4074);
#3137=CIRCLE('',#4075,0.30000000000007);
#3138=VERTEX_POINT('',#4076);
#3139=LINE('',#4077,#4078);
#3140=VERTEX_POINT('',#4079);
#3141=LINE('',#4080,#4081);
#3142=CIRCLE('',#4082,0.30000000000007);
#3143=VERTEX_POINT('',#4083);
#3144=LINE('',#4084,#4085);
#3145=VERTEX_POINT('',#4086);
#3146=CIRCLE('',#4087,0.30000000000007);
#3147=VERTEX_POINT('',#4088);
#3148=LINE('',#4089,#4090);
#3149=CIRCLE('',#4091,0.30000000000007);
#3150=LINE('',#4092,#4093);
#3151=LINE('',#4094,#4095);
#3152=LINE('',#4096,#4097);
#3153=LINE('',#4098,#4099);
#3154=LINE('',#4100,#4101);
#3155=LINE('',#4102,#4103);
#3156=LINE('',#4104,#4105);
#3157=LINE('',#4106,#4107);
#3158=VERTEX_POINT('',#4108);
#3159=LINE('',#4109,#4110);
#3160=VERTEX_POINT('',#4111);
#3161=CIRCLE('',#4112,0.93999999999878);
#3162=LINE('',#4113,#4114);
#3163=VERTEX_POINT('',#4115);
#3164=VERTEX_POINT('',#4116);
#3165=CIRCLE('',#4117,0.500000000000032);
#3166=LINE('',#4118,#4119);
#3167=VERTEX_POINT('',#4120);
#3168=CIRCLE('',#4121,0.2999999999988);
#3169=LINE('',#4122,#4123);
#3170=VERTEX_POINT('',#4124);
#3171=LINE('',#4125,#4126);
#3172=LINE('',#4127,#4128);
#3173=LINE('',#4129,#4130);
#3174=LINE('',#4131,#4132);
#3175=VERTEX_POINT('',#4133);
#3176=LINE('',#4134,#4135);
#3177=VERTEX_POINT('',#4136);
#3178=LINE('',#4137,#4138);
#3179=LINE('',#4139,#4140);
#3180=VERTEX_POINT('',#4141);
#3181=LINE('',#4142,#4143);
#3182=LINE('',#4144,#4145);
#3183=VERTEX_POINT('',#4146);
#3184=LINE('',#4147,#4148);
#3185=LINE('',#4149,#4150);
#3186=LINE('',#4151,#4152);
#3187=LINE('',#4153,#4154);
#3188=VERTEX_POINT('',#4155);
#3189=VERTEX_POINT('',#4156);
#3190=LINE('',#4157,#4158);
#3191=VERTEX_POINT('',#4159);
#3192=LINE('',#4160,#4161);
#3193=VERTEX_POINT('',#4162);
#3194=LINE('',#4163,#4164);
#3195=LINE('',#4165,#4166);
#3196=VERTEX_POINT('',#4167);
#3197=LINE('',#4168,#4169);
#3198=VERTEX_POINT('',#4170);
#3199=LINE('',#4171,#4172);
#3200=LINE('',#4173,#4174);
#3201=VERTEX_POINT('',#4175);
#3202=LINE('',#4176,#4177);
#3203=LINE('',#4178,#4179);
#3204=LINE('',#4180,#4181);
#3205=LINE('',#4182,#4183);
#3206=VERTEX_POINT('',#4184);
#3207=LINE('',#4185,#4186);
#3208=VERTEX_POINT('',#4187);
#3209=LINE('',#4188,#4189);
#3210=LINE('',#4190,#4191);
#3211=VERTEX_POINT('',#4192);
#3212=VERTEX_POINT('',#4193);
#3213=LINE('',#4194,#4195);
#3214=LINE('',#4196,#4197);
#3215=LINE('',#4198,#4199);
#3216=LINE('',#4200,#4201);
#3217=LINE('',#4202,#4203);
#3218=LINE('',#4204,#4205);
#3219=LINE('',#4206,#4207);
#3220=VERTEX_POINT('',#4208);
#3221=LINE('',#4209,#4210);
#3222=LINE('',#4211,#4212);
#3223=VERTEX_POINT('',#4213);
#3224=VERTEX_POINT('',#4214);
#3225=LINE('',#4215,#4216);
#3226=VERTEX_POINT('',#4217);
#3227=LINE('',#4218,#4219);
#3228=VERTEX_POINT('',#4220);
#3229=LINE('',#4221,#4222);
#3230=VERTEX_POINT('',#4223);
#3231=LINE('',#4224,#4225);
#3232=VERTEX_POINT('',#4226);
#3233=LINE('',#4227,#4228);
#3234=VERTEX_POINT('',#4229);
#3235=LINE('',#4230,#4231);
#3236=VERTEX_POINT('',#4232);
#3237=LINE('',#4233,#4234);
#3238=VERTEX_POINT('',#4235);
#3239=LINE('',#4236,#4237);
#3240=LINE('',#4238,#4239);
#3241=VERTEX_POINT('',#4240);
#3242=LINE('',#4241,#4242);
#3243=LINE('',#4243,#4244);
#3244=VERTEX_POINT('',#4245);
#3245=VERTEX_POINT('',#4246);
#3246=LINE('',#4247,#4248);
#3247=VERTEX_POINT('',#4249);
#3248=LINE('',#4250,#4251);
#3249=VERTEX_POINT('',#4252);
#3250=LINE('',#4253,#4254);
#3251=LINE('',#4255,#4256);
#3252=LINE('',#4257,#4258);
#3253=VERTEX_POINT('',#4259);
#3254=LINE('',#4260,#4261);
#3255=VERTEX_POINT('',#4262);
#3256=LINE('',#4263,#4264);
#3257=LINE('',#4265,#4266);
#3258=VERTEX_POINT('',#4267);
#3259=VERTEX_POINT('',#4268);
#3260=LINE('',#4269,#4270);
#3261=LINE('',#4271,#4272);
#3262=LINE('',#4273,#4274);
#3263=LINE('',#4275,#4276);
#3264=LINE('',#4277,#4278);
#3265=LINE('',#4279,#4280);
#3266=LINE('',#4281,#4282);
#3267=VERTEX_POINT('',#4283);
#3268=LINE('',#4284,#4285);
#3269=LINE('',#4286,#4287);
#3270=VERTEX_POINT('',#4288);
#3271=LINE('',#4289,#4290);
#3272=VERTEX_POINT('',#4291);
#3273=LINE('',#4292,#4293);
#3274=VERTEX_POINT('',#4294);
#3275=LINE('',#4295,#4296);
#3276=VERTEX_POINT('',#4297);
#3277=LINE('',#4298,#4299);
#3278=VERTEX_POINT('',#4300);
#3279=LINE('',#4301,#4302);
#3280=VERTEX_POINT('',#4303);
#3281=LINE('',#4304,#4305);
#3282=LINE('',#4306,#4307);
#3283=VERTEX_POINT('',#4308);
#3284=VERTEX_POINT('',#4309);
#3285=LINE('',#4310,#4311);
#3286=VERTEX_POINT('',#4312);
#3287=CIRCLE('',#4313,1.3462);
#3288=VERTEX_POINT('',#4314);
#3289=LINE('',#4315,#4316);
#3290=LINE('',#4317,#4318);
#3291=CIRCLE('',#4319,1.3462);
#3292=VERTEX_POINT('',#4320);
#3293=LINE('',#4321,#4322);
#3294=CIRCLE('',#4323,1.3462);
#3295=VERTEX_POINT('',#4324);
#3296=LINE('',#4325,#4326);
#3297=LINE('',#4327,#4328);
#3298=VERTEX_POINT('',#4329);
#3299=LINE('',#4330,#4331);
#3300=VERTEX_POINT('',#4332);
#3301=LINE('',#4333,#4334);
#3302=VERTEX_POINT('',#4335);
#3303=LINE('',#4336,#4337);
#3304=VERTEX_POINT('',#4338);
#3305=CIRCLE('',#4339,1.3462);
#3306=LINE('',#4340,#4341);
#3307=LINE('',#4342,#4343);
#3308=LINE('',#4344,#4345);
#3309=VERTEX_POINT('',#4346);
#3310=VERTEX_POINT('',#4347);
#3311=LINE('',#4348,#4349);
#3312=VERTEX_POINT('',#4350);
#3313=LINE('',#4351,#4352);
#3314=LINE('',#4353,#4354);
#3315=LINE('',#4355,#4356);
#3316=LINE('',#4357,#4358);
#3317=VERTEX_POINT('',#4359);
#3318=LINE('',#4360,#4361);
#3319=LINE('',#4362,#4363);
#3320=VERTEX_POINT('',#4364);
#3321=LINE('',#4365,#4366);
#3322=LINE('',#4367,#4368);
#3323=LINE('',#4369,#4370);
#3324=VERTEX_POINT('',#4371);
#3325=LINE('',#4372,#4373);
#3326=LINE('',#4374,#4375);
#3327=LINE('',#4376,#4377);
#3328=VERTEX_POINT('',#4378);
#3329=LINE('',#4379,#4380);
#3330=LINE('',#4381,#4382);
#3331=LINE('',#4383,#4384);
#3332=VERTEX_POINT('',#4385);
#3333=LINE('',#4386,#4387);
#3334=VERTEX_POINT('',#4388);
#3335=LINE('',#4389,#4390);
#3336=LINE('',#4391,#4392);
#3337=LINE('',#4393,#4394);
#3338=VERTEX_POINT('',#4395);
#3339=LINE('',#4396,#4397);
#3340=LINE('',#4398,#4399);
#3341=LINE('',#4400,#4401);
#3342=VERTEX_POINT('',#4402);
#3343=LINE('',#4403,#4404);
#3344=LINE('',#4405,#4406);
#3345=LINE('',#4407,#4408);
#3346=LINE('',#4409,#4410);
#3347=LINE('',#4411,#4412);
#3348=LINE('',#4413,#4414);
#3349=VERTEX_POINT('',#4415);
#3350=LINE('',#4416,#4417);
#3351=VERTEX_POINT('',#4418);
#3352=LINE('',#4419,#4420);
#3353=LINE('',#4421,#4422);
#3354=VERTEX_POINT('',#4423);
#3355=VERTEX_POINT('',#4424);
#3356=LINE('',#4425,#4426);
#3357=LINE('',#4427,#4428);
#3358=LINE('',#4429,#4430);
#3359=VERTEX_POINT('',#4431);
#3360=LINE('',#4432,#4433);
#3361=VERTEX_POINT('',#4434);
#3362=LINE('',#4435,#4436);
#3363=LINE('',#4437,#4438);
#3364=VERTEX_POINT('',#4439);
#3365=LINE('',#4440,#4441);
#3366=VERTEX_POINT('',#4442);
#3367=LINE('',#4443,#4444);
#3368=LINE('',#4445,#4446);
#3369=VERTEX_POINT('',#4447);
#3370=LINE('',#4448,#4449);
#3371=VERTEX_POINT('',#4450);
#3372=LINE('',#4451,#4452);
#3373=LINE('',#4453,#4454);
#3374=VERTEX_POINT('',#4455);
#3375=LINE('',#4456,#4457);
#3376=VERTEX_POINT('',#4458);
#3377=LINE('',#4459,#4460);
#3378=LINE('',#4461,#4462);
#3379=VERTEX_POINT('',#4463);
#3380=LINE('',#4464,#4465);
#3381=VERTEX_POINT('',#4466);
#3382=LINE('',#4467,#4468);
#3383=LINE('',#4469,#4470);
#3384=VERTEX_POINT('',#4471);
#3385=LINE('',#4472,#4473);
#3386=LINE('',#4474,#4475);
#3387=VERTEX_POINT('',#4476);
#3388=LINE('',#4477,#4478);
#3389=LINE('',#4479,#4480);
#3390=LINE('',#4481,#4482);
#3391=LINE('',#4483,#4484);
#3392=LINE('',#4485,#4486);
#3393=LINE('',#4487,#4488);
#3394=LINE('',#4489,#4490);
#3395=VERTEX_POINT('',#4491);
#3396=VERTEX_POINT('',#4492);
#3397=LINE('',#4493,#4494);
#3398=LINE('',#4495,#4496);
#3399=LINE('',#4497,#4498);
#3400=LINE('',#4499,#4500);
#3401=VERTEX_POINT('',#4501);
#3402=VERTEX_POINT('',#4502);
#3403=LINE('',#4503,#4504);
#3404=VERTEX_POINT('',#4505);
#3405=LINE('',#4506,#4507);
#3406=VERTEX_POINT('',#4508);
#3407=LINE('',#4509,#4510);
#3408=LINE('',#4511,#4512);
#3409=VERTEX_POINT('',#4513);
#3410=LINE('',#4514,#4515);
#3411=VERTEX_POINT('',#4516);
#3412=CIRCLE('',#4517,0.93999999999878);
#3413=VERTEX_POINT('',#4518);
#3414=LINE('',#4519,#4520);
#3415=LINE('',#4521,#4522);
#3416=VERTEX_POINT('',#4523);
#3417=CIRCLE('',#4524,0.2999999999988);
#3418=VERTEX_POINT('',#4525);
#3419=LINE('',#4526,#4527);
#3420=VERTEX_POINT('',#4528);
#3421=CIRCLE('',#4529,0.500000000000032);
#3422=LINE('',#4530,#4531);
#3423=VERTEX_POINT('',#4532);
#3424=LINE('',#4533,#4534);
#3425=VERTEX_POINT('',#4535);
#3426=LINE('',#4536,#4537);
#3427=LINE('',#4538,#4539);
#3428=VERTEX_POINT('',#4540);
#3429=LINE('',#4541,#4542);
#3430=LINE('',#4543,#4544);
#3431=VERTEX_POINT('',#4545);
#3432=LINE('',#4546,#4547);
#3433=LINE('',#4548,#4549);
#3434=VERTEX_POINT('',#4550);
#3435=LINE('',#4551,#4552);
#3436=LINE('',#4553,#4554);
#3437=LINE('',#4555,#4556);
#3438=VERTEX_POINT('',#4557);
#3439=LINE('',#4558,#4559);
#3440=VERTEX_POINT('',#4560);
#3441=CIRCLE('',#4561,0.93999999999878);
#3442=LINE('',#4562,#4563);
#3443=LINE('',#4564,#4565);
#3444=VERTEX_POINT('',#4566);
#3445=VERTEX_POINT('',#4567);
#3446=CIRCLE('',#4568,0.500000000000032);
#3447=LINE('',#4569,#4570);
#3448=VERTEX_POINT('',#4571);
#3449=CIRCLE('',#4572,0.2999999999988);
#3450=LINE('',#4573,#4574);
#3451=LINE('',#4575,#4576);
#3452=LINE('',#4577,#4578);
#3453=LINE('',#4579,#4580);
#3454=VERTEX_POINT('',#4581);
#3455=LINE('',#4582,#4583);
#3456=VERTEX_POINT('',#4584);
#3457=LINE('',#4585,#4586);
#3458=LINE('',#4587,#4588);
#3459=VERTEX_POINT('',#4589);
#3460=LINE('',#4590,#4591);
#3461=LINE('',#4592,#4593);
#3462=VERTEX_POINT('',#4594);
#3463=LINE('',#4595,#4596);
#3464=LINE('',#4597,#4598);
#3465=LINE('',#4599,#4600);
#3466=LINE('',#4601,#4602);
#3467=LINE('',#4603,#4604);
#3468=LINE('',#4605,#4606);
#3469=LINE('',#4607,#4608);
#3470=LINE('',#4609,#4610);
#3471=LINE('',#4611,#4612);
#3472=LINE('',#4613,#4614);
#3473=LINE('',#4615,#4616);
#3474=LINE('',#4617,#4618);
#3475=LINE('',#4619,#4620);
#3476=LINE('',#4621,#4622);
#3477=LINE('',#4623,#4624);
#3478=LINE('',#4625,#4626);
#3479=LINE('',#4627,#4628);
#3480=LINE('',#4629,#4630);
#3481=LINE('',#4631,#4632);
#3482=LINE('',#4633,#4634);
#3483=LINE('',#4635,#4636);
#3484=LINE('',#4637,#4638);
#3485=LINE('',#4639,#4640);
#3486=LINE('',#4641,#4642);
#3487=LINE('',#4643,#4644);
#3488=LINE('',#4645,#4646);
#3489=LINE('',#4647,#4648);
#3490=LINE('',#4649,#4650);
#3491=LINE('',#4651,#4652);
#3492=LINE('',#4653,#4654);
#3493=LINE('',#4655,#4656);
#3494=LINE('',#4657,#4658);
#3495=LINE('',#4659,#4660);
#3496=LINE('',#4661,#4662);
#3497=CARTESIAN_POINT('',(-3.68681,2.54,5.715));
#3498=CARTESIAN_POINT('',(-3.68681,-0.94000000000005,5.715));
#3499=CARTESIAN_POINT('',(-3.68681,2.54,5.715));
#3500=VECTOR('',#4663,3.47999999999878);
#3501=CARTESIAN_POINT('',(-3.68681,2.54,-5.715));
#3502=CARTESIAN_POINT('',(-3.68681,2.54,-5.715));
#3503=VECTOR('',#4664,11.43);
#3504=CARTESIAN_POINT('',(-3.68681,-0.94000000000005,-5.715));
#3505=CARTESIAN_POINT('',(-3.68681,-0.94000000000005,-5.715));
#3506=VECTOR('',#4665,3.47999999999878);
#3507=CARTESIAN_POINT('',(-3.68681,-0.94000000000005,5.715));
#3508=VECTOR('',#4666,11.43);
#3509=CARTESIAN_POINT('',(-4.31681000000002,-0.94000000000005,-5.715));
#3510=CARTESIAN_POINT('',(-4.31681000000002,-0.94000000000005,-5.715));
#3511=VECTOR('',#4667,0.63000000000002);
#3512=CARTESIAN_POINT('',(-4.31681000000002,-0.94000000000005,5.715));
#3513=CARTESIAN_POINT('',(-4.31681000000002,-0.94000000000005,5.715));
#3514=VECTOR('',#4668,11.43);
#3515=CARTESIAN_POINT('',(-4.31681000000002,-0.94000000000005,5.715));
#3516=VECTOR('',#4669,0.63000000000002);
#3517=CARTESIAN_POINT('',(4.31681000000002,-0.94000000000005,5.715));
#3518=CARTESIAN_POINT('',(4.31681000000002,-2.54,5.715));
#3519=CARTESIAN_POINT('',(4.31681000000002,-0.94000000000005,5.715));
#3520=VECTOR('',#4670,1.59999999999995);
#3521=CARTESIAN_POINT('',(3.68681,-0.94000000000005,5.715));
#3522=CARTESIAN_POINT('',(3.68681,-0.94000000000005,5.715));
#3523=VECTOR('',#4671,0.63000000000002);
#3524=CARTESIAN_POINT('',(3.68681,2.54,5.715));
#3525=CARTESIAN_POINT('',(3.68681,2.54,5.715));
#3526=VECTOR('',#4672,3.47999999999878);
#3527=CARTESIAN_POINT('',(3.683,2.54,5.715));
#3528=CARTESIAN_POINT('',(3.683,2.54,5.715));
#3529=VECTOR('',#4673,0.00381);
#3530=CARTESIAN_POINT('',(3.683,4.064,5.715));
#3531=CARTESIAN_POINT('',(3.683,4.064,5.715));
#3532=VECTOR('',#4674,1.524);
#3533=CARTESIAN_POINT('',(-3.683,4.064,5.715));
#3534=CARTESIAN_POINT('',(-3.683,4.064,5.715));
#3535=VECTOR('',#4675,7.366);
#3536=CARTESIAN_POINT('',(-3.683,2.54,5.715));
#3537=CARTESIAN_POINT('',(-3.683,4.064,5.715));
#3538=VECTOR('',#4676,1.524);
#3539=CARTESIAN_POINT('',(-3.68681,2.54,5.715));
#3540=VECTOR('',#4677,0.00381);
#3541=CARTESIAN_POINT('',(-4.31681000000002,-2.54,5.715));
#3542=CARTESIAN_POINT('',(-4.31681000000002,-2.54,5.715));
#3543=VECTOR('',#4678,1.59999999999995);
#3544=CARTESIAN_POINT('',(-2.24680999999992,-2.54,5.715));
#3545=CARTESIAN_POINT('',(-4.31681000000002,-2.54,5.715));
#3546=VECTOR('',#4679,2.0700000000001);
#3547=CARTESIAN_POINT('',(-1.9968099999999,-2.921,5.715));
#3548=CARTESIAN_POINT('',(-1.9968099999999,-2.921,5.715));
#3549=VECTOR('',#4680,0.45569836514958);
#3550=CARTESIAN_POINT('',(-1.74680999999989,-2.54,5.715));
#3551=CARTESIAN_POINT('',(-1.74680999999989,-2.54,5.715));
#3552=VECTOR('',#4681,0.45569836514958);
#3553=CARTESIAN_POINT('',(-0.551810000000094,-2.54,5.715));
#3554=CARTESIAN_POINT('',(-1.74680999999989,-2.54,5.715));
#3555=VECTOR('',#4682,1.19500000000005);
#3556=CARTESIAN_POINT('',(-0.551810000000094,-1.89700000000003,5.715));
#3557=CARTESIAN_POINT('',(-0.551810000000094,-2.54,5.715));
#3558=VECTOR('',#4683,0.642999999999968);
#3559=CARTESIAN_POINT('',(-3.16700000000054,-1.89700000000003,5.715));
#3560=CARTESIAN_POINT('',(-3.16700000000054,-1.89700000000003,5.715));
#3561=VECTOR('',#4684,2.6151900000007);
#3562=CARTESIAN_POINT('',(-3.16700000000054,3.42100000000054,5.715));
#3563=CARTESIAN_POINT('',(-3.16700000000054,-1.89700000000003,5.715));
#3564=VECTOR('',#4685,5.31800000000108);
#3565=CARTESIAN_POINT('',(3.16700000000054,3.42100000000054,5.715));
#3566=CARTESIAN_POINT('',(3.16700000000054,3.42100000000054,5.715));
#3567=VECTOR('',#4686,6.33400000000108);
#3568=CARTESIAN_POINT('',(3.16700000000054,-1.89700000000003,5.715));
#3569=CARTESIAN_POINT('',(3.16700000000054,3.42100000000054,5.715));
#3570=VECTOR('',#4687,5.31800000000108);
#3571=CARTESIAN_POINT('',(0.718189999999906,-1.89700000000003,5.715));
#3572=CARTESIAN_POINT('',(0.718189999999906,-1.89700000000003,5.715));
#3573=VECTOR('',#4688,2.44881000000013);
#3574=CARTESIAN_POINT('',(0.718189999999906,-2.54,5.715));
#3575=CARTESIAN_POINT('',(0.718189999999906,-2.54,5.715));
#3576=VECTOR('',#4689,0.642999999999968);
#3577=CARTESIAN_POINT('',(1.74680999999989,-2.54,5.715));
#3578=CARTESIAN_POINT('',(0.718189999999906,-2.54,5.715));
#3579=VECTOR('',#4690,1.02861999999998);
#3580=CARTESIAN_POINT('',(1.9968099999999,-2.921,5.715));
#3581=CARTESIAN_POINT('',(1.9968099999999,-2.921,5.715));
#3582=VECTOR('',#4691,0.45569836514958);
#3583=CARTESIAN_POINT('',(2.24680999999992,-2.54,5.715));
#3584=CARTESIAN_POINT('',(2.24680999999992,-2.54,5.715));
#3585=VECTOR('',#4692,0.45569836514958);
#3586=CARTESIAN_POINT('',(2.24680999999992,-2.54,5.715));
#3587=VECTOR('',#4693,2.0700000000001);
#3588=CARTESIAN_POINT('',(-3.683,-2.54,0.522499999999942));
#3589=CARTESIAN_POINT('',(-3.683,-2.54,2.42749999999994));
#3590=CARTESIAN_POINT('',(-3.683,-2.54,0.522499999999942));
#3591=VECTOR('',#4694,1.905);
#3592=CARTESIAN_POINT('',(-2.24680999999992,-2.54,2.42749999999994));
#3593=CARTESIAN_POINT('',(-3.683,-2.54,2.42749999999994));
#3594=VECTOR('',#4695,1.43619000000008);
#3595=CARTESIAN_POINT('',(-2.24680999999992,-2.54,5.715));
#3596=VECTOR('',#4696,3.28750000000082);
#3597=CARTESIAN_POINT('',(-4.31681000000002,-2.54,-5.715));
#3598=CARTESIAN_POINT('',(-4.31681000000002,-2.54,5.715));
#3599=VECTOR('',#4697,11.43);
#3600=CARTESIAN_POINT('',(-2.24680999999992,-2.54,-5.715));
#3601=CARTESIAN_POINT('',(-4.31681000000002,-2.54,-5.715));
#3602=VECTOR('',#4698,2.0700000000001);
#3603=CARTESIAN_POINT('',(-2.24680999999992,-2.54,0.522499999999942));
#3604=CARTESIAN_POINT('',(-2.24680999999992,-2.54,0.522499999999942));
#3605=VECTOR('',#4699,6.23749999999918);
#3606=CARTESIAN_POINT('',(-3.683,-2.54,0.522499999999942));
#3607=VECTOR('',#4700,1.43619000000008);
#3608=CARTESIAN_POINT('',(-1.74680999999989,-2.54,0.522499999999942));
#3609=CARTESIAN_POINT('',(-1.74680999999989,-2.54,-5.715));
#3610=CARTESIAN_POINT('',(-1.74680999999989,-2.54,0.522499999999942));
#3611=VECTOR('',#4701,6.23749999999918);
#3612=CARTESIAN_POINT('',(1.74680999999989,-2.54,-5.715));
#3613=CARTESIAN_POINT('',(-1.74680999999989,-2.54,-5.715));
#3614=VECTOR('',#4702,3.49362000000028);
#3615=CARTESIAN_POINT('',(1.74680999999989,-2.54,0.522499999999942));
#3616=CARTESIAN_POINT('',(1.74680999999989,-2.54,0.522499999999942));
#3617=VECTOR('',#4703,6.23749999999918);
#3618=CARTESIAN_POINT('',(1.397,-2.54,0.522499999999942));
#3619=CARTESIAN_POINT('',(1.397,-2.54,0.522499999999942));
#3620=VECTOR('',#4704,0.349809999999886);
#3621=CARTESIAN_POINT('',(1.397,-2.54,2.42749999999994));
#3622=CARTESIAN_POINT('',(1.397,-2.54,0.522499999999942));
#3623=VECTOR('',#4705,1.905);
#3624=CARTESIAN_POINT('',(1.74680999999989,-2.54,2.42749999999994));
#3625=CARTESIAN_POINT('',(1.397,-2.54,2.42749999999994));
#3626=VECTOR('',#4706,0.349809999999886);
#3627=CARTESIAN_POINT('',(1.74680999999989,-2.54,5.715));
#3628=VECTOR('',#4707,3.28750000000082);
#3629=CARTESIAN_POINT('',(0.718189999999906,-2.54,-3.175));
#3630=CARTESIAN_POINT('',(0.718189999999906,-2.54,5.715));
#3631=VECTOR('',#4708,8.89);
#3632=CARTESIAN_POINT('',(-0.551810000000094,-2.54,-3.175));
#3633=CARTESIAN_POINT('',(-0.551810000000094,-2.54,-3.175));
#3634=VECTOR('',#4709,1.27);
#3635=CARTESIAN_POINT('',(-0.551810000000094,-2.54,5.715));
#3636=VECTOR('',#4710,8.89);
#3637=CARTESIAN_POINT('',(-1.74680999999989,-2.54,2.42749999999994));
#3638=CARTESIAN_POINT('',(-1.74680999999989,-2.54,5.715));
#3639=VECTOR('',#4711,3.28750000000082);
#3640=CARTESIAN_POINT('',(-1.397,-2.54,2.42749999999994));
#3641=CARTESIAN_POINT('',(-1.74680999999989,-2.54,2.42749999999994));
#3642=VECTOR('',#4712,0.349809999999886);
#3643=CARTESIAN_POINT('',(-1.397,-2.54,0.522499999999942));
#3644=CARTESIAN_POINT('',(-1.397,-2.54,0.522499999999942));
#3645=VECTOR('',#4713,1.905);
#3646=CARTESIAN_POINT('',(-1.74680999999989,-2.54,0.522499999999942));
#3647=VECTOR('',#4714,0.349809999999886);
#3648=CARTESIAN_POINT('',(2.24680999999992,-2.54,0.522499999999942));
#3649=CARTESIAN_POINT('',(2.24680999999992,-2.54,-5.715));
#3650=CARTESIAN_POINT('',(2.24680999999992,-2.54,0.522499999999942));
#3651=VECTOR('',#4715,6.23749999999918);
#3652=CARTESIAN_POINT('',(4.31681000000002,-2.54,-5.715));
#3653=CARTESIAN_POINT('',(2.24680999999992,-2.54,-5.715));
#3654=VECTOR('',#4716,2.0700000000001);
#3655=CARTESIAN_POINT('',(4.31681000000002,-2.54,5.715));
#3656=VECTOR('',#4717,11.43);
#3657=CARTESIAN_POINT('',(2.24680999999992,-2.54,2.42749999999994));
#3658=CARTESIAN_POINT('',(2.24680999999992,-2.54,5.715));
#3659=VECTOR('',#4718,3.28750000000082);
#3660=CARTESIAN_POINT('',(3.683,-2.54,2.42749999999994));
#3661=CARTESIAN_POINT('',(2.24680999999992,-2.54,2.42749999999994));
#3662=VECTOR('',#4719,1.43619000000008);
#3663=CARTESIAN_POINT('',(3.683,-2.54,0.522499999999942));
#3664=CARTESIAN_POINT('',(3.683,-2.54,0.522499999999942));
#3665=VECTOR('',#4720,1.905);
#3666=CARTESIAN_POINT('',(2.24680999999992,-2.54,0.522499999999942));
#3667=VECTOR('',#4721,1.43619000000008);
#3668=CARTESIAN_POINT('',(-1.9968099999999,-2.921,0.522499999999942));
#3669=CARTESIAN_POINT('',(-1.9968099999999,-2.921,0.522499999999942));
#3670=VECTOR('',#4722,0.45569836514958);
#3671=CARTESIAN_POINT('',(-1.74680999999989,-2.54,0.522499999999942));
#3672=VECTOR('',#4723,0.45569836514958);
#3673=CARTESIAN_POINT('',(-1.397,-4.191,0.522499999999942));
#3674=CARTESIAN_POINT('',(-1.397,-4.191,0.522499999999942));
#3675=VECTOR('',#4724,1.651);
#3676=CARTESIAN_POINT('',(-1.016,-4.6482,0.522499999999942));
#3677=CARTESIAN_POINT('',(-1.016,-4.6482,0.522499999999942));
#3678=VECTOR('',#4725,0.595141025304088);
#3679=CARTESIAN_POINT('',(-1.016,-5.1562,0.522499999999942));
#3680=CARTESIAN_POINT('',(-1.016,-5.1562,0.522499999999942));
#3681=VECTOR('',#4726,0.508);
#3682=CARTESIAN_POINT('',(-1.8669,-6.731,0.522499999999942));
#3683=CARTESIAN_POINT('',(-1.8669,-6.731,0.522499999999942));
#3684=VECTOR('',#4727,1.78997928758976);
#3685=CARTESIAN_POINT('',(-2.0701,-6.731,0.522499999999942));
#3686=CARTESIAN_POINT('',(-2.0701,-6.731,0.522499999999942));
#3687=VECTOR('',#4728,0.2032);
#3688=CARTESIAN_POINT('',(-2.0701,-3.3401,0.522499999999942));
#3689=CARTESIAN_POINT('',(-2.0701,-3.3401,0.522499999999942));
#3690=VECTOR('',#4729,3.3909);
#3691=CARTESIAN_POINT('',(-3.0099,-3.3401,0.522499999999942));
#3692=AXIS2_PLACEMENT_3D('',#4730,#4731,#4732);
#3693=CARTESIAN_POINT('',(-3.0099,-6.731,0.522499999999942));
#3694=CARTESIAN_POINT('',(-3.0099,-6.731,0.522499999999942));
#3695=VECTOR('',#4733,3.3909);
#3696=CARTESIAN_POINT('',(-3.2131,-6.731,0.522499999999942));
#3697=CARTESIAN_POINT('',(-3.2131,-6.731,0.522499999999942));
#3698=VECTOR('',#4734,0.2032);
#3699=CARTESIAN_POINT('',(-4.064,-5.1562,0.522499999999942));
#3700=CARTESIAN_POINT('',(-4.064,-5.1562,0.522499999999942));
#3701=VECTOR('',#4735,1.78997928758976);
#3702=CARTESIAN_POINT('',(-4.064,-4.6482,0.522499999999942));
#3703=CARTESIAN_POINT('',(-4.064,-4.6482,0.522499999999942));
#3704=VECTOR('',#4736,0.508);
#3705=CARTESIAN_POINT('',(-3.683,-4.191,0.522499999999942));
#3706=CARTESIAN_POINT('',(-3.683,-4.191,0.522499999999942));
#3707=VECTOR('',#4737,0.595141025304088);
#3708=CARTESIAN_POINT('',(-3.683,-2.54,0.522499999999942));
#3709=VECTOR('',#4738,1.651);
#3710=CARTESIAN_POINT('',(1.9968099999999,-2.921,0.522499999999942));
#3711=CARTESIAN_POINT('',(1.9968099999999,-2.921,0.522499999999942));
#3712=VECTOR('',#4739,0.45569836514958);
#3713=CARTESIAN_POINT('',(2.24680999999992,-2.54,0.522499999999942));
#3714=VECTOR('',#4740,0.45569836514958);
#3715=CARTESIAN_POINT('',(3.683,-4.191,0.522499999999942));
#3716=CARTESIAN_POINT('',(3.683,-4.191,0.522499999999942));
#3717=VECTOR('',#4741,1.651);
#3718=CARTESIAN_POINT('',(4.064,-4.6482,0.522499999999942));
#3719=CARTESIAN_POINT('',(4.064,-4.6482,0.522499999999942));
#3720=VECTOR('',#4742,0.595141025304088);
#3721=CARTESIAN_POINT('',(4.064,-5.1562,0.522499999999942));
#3722=CARTESIAN_POINT('',(4.064,-5.1562,0.522499999999942));
#3723=VECTOR('',#4743,0.508);
#3724=CARTESIAN_POINT('',(3.2131,-6.731,0.522499999999942));
#3725=CARTESIAN_POINT('',(3.2131,-6.731,0.522499999999942));
#3726=VECTOR('',#4744,1.78997928758976);
#3727=CARTESIAN_POINT('',(3.0099,-6.731,0.522499999999942));
#3728=CARTESIAN_POINT('',(3.0099,-6.731,0.522499999999942));
#3729=VECTOR('',#4745,0.2032);
#3730=CARTESIAN_POINT('',(3.0099,-3.3401,0.522499999999942));
#3731=CARTESIAN_POINT('',(3.0099,-3.3401,0.522499999999942));
#3732=VECTOR('',#4746,3.3909);
#3733=CARTESIAN_POINT('',(2.0701,-3.3401,0.522499999999942));
#3734=AXIS2_PLACEMENT_3D('',#4747,#4748,#4749);
#3735=CARTESIAN_POINT('',(2.0701,-6.731,0.522499999999942));
#3736=CARTESIAN_POINT('',(2.0701,-6.731,0.522499999999942));
#3737=VECTOR('',#4750,3.3909);
#3738=CARTESIAN_POINT('',(1.8669,-6.731,0.522499999999942));
#3739=CARTESIAN_POINT('',(1.8669,-6.731,0.522499999999942));
#3740=VECTOR('',#4751,0.2032);
#3741=CARTESIAN_POINT('',(1.016,-5.1562,0.522499999999942));
#3742=CARTESIAN_POINT('',(1.016,-5.1562,0.522499999999942));
#3743=VECTOR('',#4752,1.78997928758976);
#3744=CARTESIAN_POINT('',(1.016,-4.6482,0.522499999999942));
#3745=CARTESIAN_POINT('',(1.016,-4.6482,0.522499999999942));
#3746=VECTOR('',#4753,0.508);
#3747=CARTESIAN_POINT('',(1.397,-4.191,0.522499999999942));
#3748=CARTESIAN_POINT('',(1.397,-4.191,0.522499999999942));
#3749=VECTOR('',#4754,0.595141025304088);
#3750=CARTESIAN_POINT('',(1.397,-2.54,0.522499999999942));
#3751=VECTOR('',#4755,1.651);
#3752=CARTESIAN_POINT('',(-3.683,-4.191,2.42749999999994));
#3753=CARTESIAN_POINT('',(-3.683,-4.191,0.522499999999942));
#3754=VECTOR('',#4756,1.905);
#3755=CARTESIAN_POINT('',(-3.683,-2.54,2.42749999999994));
#3756=VECTOR('',#4757,1.651);
#3757=CARTESIAN_POINT('',(-4.064,-4.6482,2.42749999999994));
#3758=CARTESIAN_POINT('',(-3.683,-4.191,2.42749999999994));
#3759=VECTOR('',#4758,0.595141025304088);
#3760=CARTESIAN_POINT('',(-4.064,-5.1562,2.42749999999994));
#3761=CARTESIAN_POINT('',(-4.064,-4.6482,2.42749999999994));
#3762=VECTOR('',#4759,0.508);
#3763=CARTESIAN_POINT('',(-3.2131,-6.731,2.42749999999994));
#3764=CARTESIAN_POINT('',(-4.064,-5.1562,2.42749999999994));
#3765=VECTOR('',#4760,1.78997928758976);
#3766=CARTESIAN_POINT('',(-3.0099,-6.731,2.42749999999994));
#3767=CARTESIAN_POINT('',(-3.2131,-6.731,2.42749999999994));
#3768=VECTOR('',#4761,0.2032);
#3769=CARTESIAN_POINT('',(-3.0099,-3.3401,2.42749999999994));
#3770=CARTESIAN_POINT('',(-3.0099,-6.731,2.42749999999994));
#3771=VECTOR('',#4762,3.3909);
#3772=CARTESIAN_POINT('',(-2.0701,-3.3401,2.42749999999994));
#3773=AXIS2_PLACEMENT_3D('',#4763,#4764,#4765);
#3774=CARTESIAN_POINT('',(-2.0701,-6.731,2.42749999999994));
#3775=CARTESIAN_POINT('',(-2.0701,-3.3401,2.42749999999994));
#3776=VECTOR('',#4766,3.3909);
#3777=CARTESIAN_POINT('',(-1.8669,-6.731,2.42749999999994));
#3778=CARTESIAN_POINT('',(-2.0701,-6.731,2.42749999999994));
#3779=VECTOR('',#4767,0.2032);
#3780=CARTESIAN_POINT('',(-1.016,-5.1562,2.42749999999994));
#3781=CARTESIAN_POINT('',(-1.8669,-6.731,2.42749999999994));
#3782=VECTOR('',#4768,1.78997928758976);
#3783=CARTESIAN_POINT('',(-1.016,-4.6482,2.42749999999994));
#3784=CARTESIAN_POINT('',(-1.016,-5.1562,2.42749999999994));
#3785=VECTOR('',#4769,0.508);
#3786=CARTESIAN_POINT('',(-1.397,-4.191,2.42749999999994));
#3787=CARTESIAN_POINT('',(-1.016,-4.6482,2.42749999999994));
#3788=VECTOR('',#4770,0.595141025304088);
#3789=CARTESIAN_POINT('',(-1.397,-4.191,2.42749999999994));
#3790=VECTOR('',#4771,1.651);
#3791=CARTESIAN_POINT('',(-1.9968099999999,-2.921,2.42749999999994));
#3792=CARTESIAN_POINT('',(-1.74680999999989,-2.54,2.42749999999994));
#3793=VECTOR('',#4772,0.45569836514958);
#3794=CARTESIAN_POINT('',(-1.9968099999999,-2.921,2.42749999999994));
#3795=VECTOR('',#4773,0.45569836514958);
#3796=CARTESIAN_POINT('',(1.397,-4.191,2.42749999999994));
#3797=CARTESIAN_POINT('',(1.397,-2.54,2.42749999999994));
#3798=VECTOR('',#4774,1.651);
#3799=CARTESIAN_POINT('',(1.016,-4.6482,2.42749999999994));
#3800=CARTESIAN_POINT('',(1.397,-4.191,2.42749999999994));
#3801=VECTOR('',#4775,0.595141025304088);
#3802=CARTESIAN_POINT('',(1.016,-5.1562,2.42749999999994));
#3803=CARTESIAN_POINT('',(1.016,-4.6482,2.42749999999994));
#3804=VECTOR('',#4776,0.508);
#3805=CARTESIAN_POINT('',(1.8669,-6.731,2.42749999999994));
#3806=CARTESIAN_POINT('',(1.016,-5.1562,2.42749999999994));
#3807=VECTOR('',#4777,1.78997928758976);
#3808=CARTESIAN_POINT('',(2.0701,-6.731,2.42749999999994));
#3809=CARTESIAN_POINT('',(1.8669,-6.731,2.42749999999994));
#3810=VECTOR('',#4778,0.2032);
#3811=CARTESIAN_POINT('',(2.0701,-3.3401,2.42749999999994));
#3812=CARTESIAN_POINT('',(2.0701,-6.731,2.42749999999994));
#3813=VECTOR('',#4779,3.3909);
#3814=CARTESIAN_POINT('',(3.0099,-3.3401,2.42749999999994));
#3815=AXIS2_PLACEMENT_3D('',#4780,#4781,#4782);
#3816=CARTESIAN_POINT('',(3.0099,-6.731,2.42749999999994));
#3817=CARTESIAN_POINT('',(3.0099,-3.3401,2.42749999999994));
#3818=VECTOR('',#4783,3.3909);
#3819=CARTESIAN_POINT('',(3.2131,-6.731,2.42749999999994));
#3820=CARTESIAN_POINT('',(3.0099,-6.731,2.42749999999994));
#3821=VECTOR('',#4784,0.2032);
#3822=CARTESIAN_POINT('',(4.064,-5.1562,2.42749999999994));
#3823=CARTESIAN_POINT('',(3.2131,-6.731,2.42749999999994));
#3824=VECTOR('',#4785,1.78997928758976);
#3825=CARTESIAN_POINT('',(4.064,-4.6482,2.42749999999994));
#3826=CARTESIAN_POINT('',(4.064,-5.1562,2.42749999999994));
#3827=VECTOR('',#4786,0.508);
#3828=CARTESIAN_POINT('',(3.683,-4.191,2.42749999999994));
#3829=CARTESIAN_POINT('',(4.064,-4.6482,2.42749999999994));
#3830=VECTOR('',#4787,0.595141025304088);
#3831=CARTESIAN_POINT('',(3.683,-4.191,2.42749999999994));
#3832=VECTOR('',#4788,1.651);
#3833=CARTESIAN_POINT('',(1.9968099999999,-2.921,2.42749999999994));
#3834=CARTESIAN_POINT('',(2.24680999999992,-2.54,2.42749999999994));
#3835=VECTOR('',#4789,0.45569836514958);
#3836=CARTESIAN_POINT('',(1.9968099999999,-2.921,2.42749999999994));
#3837=VECTOR('',#4790,0.45569836514958);
#3838=CARTESIAN_POINT('',(-1.9968099999999,-2.921,-5.715));
#3839=CARTESIAN_POINT('',(-1.9968099999999,-2.921,-5.715));
#3840=VECTOR('',#4791,0.45569836514958);
#3841=CARTESIAN_POINT('',(-1.9968099999999,-2.921,0.522499999999942));
#3842=VECTOR('',#4792,6.23749999999918);
#3843=CARTESIAN_POINT('',(-1.9968099999999,-2.921,5.715));
#3844=VECTOR('',#4793,3.28750000000082);
#3845=CARTESIAN_POINT('',(-1.74680999999989,-2.54,-5.715));
#3846=VECTOR('',#4794,0.45569836514958);
#3847=CARTESIAN_POINT('',(-4.31681000000002,-2.54,-5.715));
#3848=VECTOR('',#4795,1.59999999999995);
#3849=CARTESIAN_POINT('',(3.68681,2.54,-5.715));
#3850=CARTESIAN_POINT('',(-3.68681,2.54,-5.715));
#3851=VECTOR('',#4796,7.37362);
#3852=CARTESIAN_POINT('',(3.68681,-0.94000000000005,-5.715));
#3853=CARTESIAN_POINT('',(3.68681,-0.94000000000005,-5.715));
#3854=VECTOR('',#4797,3.47999999999878);
#3855=CARTESIAN_POINT('',(4.31681000000002,-0.94000000000005,-5.715));
#3856=CARTESIAN_POINT('',(3.68681,-0.94000000000005,-5.715));
#3857=VECTOR('',#4798,0.63000000000002);
#3858=CARTESIAN_POINT('',(4.31681000000002,-0.94000000000005,-5.715));
#3859=VECTOR('',#4799,1.59999999999995);
#3860=CARTESIAN_POINT('',(1.9968099999999,-2.921,-5.715));
#3861=CARTESIAN_POINT('',(2.24680999999992,-2.54,-5.715));
#3862=VECTOR('',#4800,0.45569836514958);
#3863=CARTESIAN_POINT('',(1.9968099999999,-2.921,-5.715));
#3864=VECTOR('',#4801,0.45569836514958);
#3865=CARTESIAN_POINT('',(-2.921,-1.33690677876809,-5.715));
#3866=CARTESIAN_POINT('',(2.921,-1.33690677876809,-5.715));
#3867=CARTESIAN_POINT('',(-2.921,-1.33690677876809,-5.715));
#3868=VECTOR('',#4802,5.842);
#3869=CARTESIAN_POINT('',(2.921,1.53573427203662,-5.715));
#3870=CARTESIAN_POINT('',(2.921,-1.33690677876809,-5.715));
#3871=VECTOR('',#4803,2.87264105080496);
#3872=CARTESIAN_POINT('',(-2.921,1.53573427203662,-5.715));
#3873=CARTESIAN_POINT('',(-2.921,1.53573427203662,-5.715));
#3874=VECTOR('',#4804,5.842);
#3875=CARTESIAN_POINT('',(-2.921,-1.33690677876809,-5.715));
#3876=VECTOR('',#4805,2.87264105080496);
#3877=CARTESIAN_POINT('',(-2.921,1.53573427203662,-6.8326));
#3878=CARTESIAN_POINT('',(-2.921,1.53573427203662,-6.8326));
#3879=VECTOR('',#4806,1.1176);
#3880=CARTESIAN_POINT('',(-2.921,0.747509593462202,-6.8326));
#3881=CARTESIAN_POINT('',(-2.921,0.747509593462202,-6.8326));
#3882=VECTOR('',#4807,0.788224678574414);
#3883=CARTESIAN_POINT('',(-2.921,0.747509593462202,-7.874));
#3884=CARTESIAN_POINT('',(-2.921,0.747509593462202,-7.874));
#3885=VECTOR('',#4808,1.0414);
#3886=CARTESIAN_POINT('',(-2.921,-1.33690677876809,-7.874));
#3887=CARTESIAN_POINT('',(-2.921,-1.33690677876809,-7.874));
#3888=VECTOR('',#4809,2.08441637223029);
#3889=CARTESIAN_POINT('',(-2.921,-1.33690677876809,-5.715));
#3890=VECTOR('',#4810,2.159);
#3891=CARTESIAN_POINT('',(-1.58999999999999,-1.33690677876809,-6.37400000000092));
#3892=CARTESIAN_POINT('',(-1.58999999750012,-1.33690677876809,-6.85499999998782));
#3893=CARTESIAN_POINT('',(-1.58999999999999,-1.33690677876809,-6.37400000000092));
#3894=VECTOR('',#4811,0.480999999987916);
#3895=CARTESIAN_POINT('',(-0.95000000000001,-1.33690677876809,-6.37400000000092));
#3896=CARTESIAN_POINT('',(-1.58999999999999,-1.33690677876809,-6.37400000000092));
#3897=VECTOR('',#4812,0.63999999999998);
#3898=CARTESIAN_POINT('',(-0.950000002499878,-1.33690677876809,-6.85499999998782));
#3899=CARTESIAN_POINT('',(-0.95000000000001,-1.33690677876809,-6.37400000000092));
#3900=VECTOR('',#4813,0.480999999987916);
#3901=CARTESIAN_POINT('',(-0.950000002499878,-1.33690677876809,-7.4949999999878));
#3902=CARTESIAN_POINT('',(-0.950000002499878,-1.33690677876809,-6.85499999998782));
#3903=VECTOR('',#4814,0.63999999999998);
#3904=CARTESIAN_POINT('',(-0.95000000000001,-1.33690677876809,-7.5740000000012));
#3905=CARTESIAN_POINT('',(-0.950000002499878,-1.33690677876809,-7.4949999999878));
#3906=VECTOR('',#4815,0.0790000000122062);
#3907=CARTESIAN_POINT('',(-0.64999999999994,-1.33690677876809,-7.874));
#3908=AXIS2_PLACEMENT_3D('',#4816,#4817,#4818);
#3909=CARTESIAN_POINT('',(0.64999999999994,-1.33690677876809,-7.874));
#3910=CARTESIAN_POINT('',(-0.64999999999994,-1.33690677876809,-7.874));
#3911=VECTOR('',#4819,1.29999999999988);
#3912=CARTESIAN_POINT('',(0.95000000000001,-1.33690677876809,-7.5740000000012));
#3913=AXIS2_PLACEMENT_3D('',#4820,#4821,#4822);
#3914=CARTESIAN_POINT('',(0.950000002499878,-1.33690677876809,-7.4949999999878));
#3915=CARTESIAN_POINT('',(0.950000002499878,-1.33690677876809,-7.4949999999878));
#3916=VECTOR('',#4823,0.0790000000122062);
#3917=CARTESIAN_POINT('',(0.950000002499878,-1.33690677876809,-6.85499999998782));
#3918=CARTESIAN_POINT('',(0.950000002499878,-1.33690677876809,-6.85499999998782));
#3919=VECTOR('',#4824,0.63999999999998);
#3920=CARTESIAN_POINT('',(0.95000000000001,-1.33690677876809,-6.37400000000092));
#3921=CARTESIAN_POINT('',(0.95000000000001,-1.33690677876809,-6.37400000000092));
#3922=VECTOR('',#4825,0.480999999987916);
#3923=CARTESIAN_POINT('',(1.58999999999999,-1.33690677876809,-6.37400000000092));
#3924=CARTESIAN_POINT('',(0.95000000000001,-1.33690677876809,-6.37400000000092));
#3925=VECTOR('',#4826,0.63999999999998);
#3926=CARTESIAN_POINT('',(1.58999999750012,-1.33690677876809,-6.85499999998782));
#3927=CARTESIAN_POINT('',(1.58999999999999,-1.33690677876809,-6.37400000000092));
#3928=VECTOR('',#4827,0.480999999987916);
#3929=CARTESIAN_POINT('',(1.58999999750012,-1.33690677876809,-7.4949999999878));
#3930=CARTESIAN_POINT('',(1.58999999750012,-1.33690677876809,-6.85499999998782));
#3931=VECTOR('',#4828,0.63999999999998);
#3932=CARTESIAN_POINT('',(1.58999999999999,-1.33690677876809,-7.5740000000012));
#3933=CARTESIAN_POINT('',(1.58999999750012,-1.33690677876809,-7.4949999999878));
#3934=VECTOR('',#4829,0.0790000000122062);
#3935=CARTESIAN_POINT('',(1.89000000000006,-1.33690677876809,-7.874));
#3936=AXIS2_PLACEMENT_3D('',#4830,#4831,#4832);
#3937=CARTESIAN_POINT('',(2.921,-1.33690677876809,-7.874));
#3938=CARTESIAN_POINT('',(1.89000000000006,-1.33690677876809,-7.874));
#3939=VECTOR('',#4833,1.03099999999994);
#3940=CARTESIAN_POINT('',(2.921,-1.33690677876809,-5.715));
#3941=VECTOR('',#4834,2.159);
#3942=CARTESIAN_POINT('',(-1.89000000000006,-1.33690677876809,-7.874));
#3943=CARTESIAN_POINT('',(-2.921,-1.33690677876809,-7.874));
#3944=VECTOR('',#4835,1.03099999999994);
#3945=CARTESIAN_POINT('',(-1.58999999999999,-1.33690677876809,-7.5740000000012));
#3946=AXIS2_PLACEMENT_3D('',#4836,#4837,#4838);
#3947=CARTESIAN_POINT('',(-1.58999999750012,-1.33690677876809,-7.4949999999878));
#3948=CARTESIAN_POINT('',(-1.58999999750012,-1.33690677876809,-7.4949999999878));
#3949=VECTOR('',#4839,0.0790000000122062);
#3950=CARTESIAN_POINT('',(-1.58999999750012,-1.33690677876809,-6.85499999998782));
#3951=VECTOR('',#4840,0.63999999999998);
#3952=CARTESIAN_POINT('',(-1.58999999523038,-5.62200000000088,-7.4949999999878));
#3953=CARTESIAN_POINT('',(-1.58999999523038,-5.62200000000088,-7.4949999999878));
#3954=VECTOR('',#4841,4.28509322123406);
#3955=CARTESIAN_POINT('',(-1.58999999523038,-5.62200000000088,-6.85499999998782));
#3956=CARTESIAN_POINT('',(-1.58999999523038,-5.62200000000088,-6.85499999998782));
#3957=VECTOR('',#4842,0.63999999999998);
#3958=CARTESIAN_POINT('',(-1.58999999750012,-1.33690677876809,-6.85499999998782));
#3959=VECTOR('',#4843,4.28509322123406);
#3960=CARTESIAN_POINT('',(-1.589999995,-0.31999999999999,2.32100000000011));
#3961=CARTESIAN_POINT('',(-1.58999999624993,-0.319999998750056,-3.3750000025011));
#3962=CARTESIAN_POINT('',(-1.589999995,-0.31999999999999,2.32100000000011));
#3963=VECTOR('',#4844,5.69600000250096);
#3964=CARTESIAN_POINT('',(-1.589999995,0.31999999999999,2.32100000000011));
#3965=CARTESIAN_POINT('',(-1.589999995,0.31999999999999,2.32100000000011));
#3966=VECTOR('',#4845,0.63999999999998);
#3967=CARTESIAN_POINT('',(-1.58999999624993,0.319999998750056,-3.3750000025011));
#3968=CARTESIAN_POINT('',(-1.58999999624993,0.319999998750056,-3.3750000025011));
#3969=VECTOR('',#4846,5.69600000250096);
#3970=CARTESIAN_POINT('',(-1.58999999624993,-0.319999998750056,-3.3750000025011));
#3971=VECTOR('',#4847,0.639999997500112);
#3972=CARTESIAN_POINT('',(-1.58999999999999,-0.61999999999879,-6.85499999998782));
#3973=CARTESIAN_POINT('',(-0.95000000000001,-0.61999999999879,-6.85499999998782));
#3974=CARTESIAN_POINT('',(-1.58999999999999,-0.61999999999879,-6.85499999998782));
#3975=VECTOR('',#4848,0.63999999999998);
#3976=CARTESIAN_POINT('',(-1.58999999750012,-1.33690677876809,-6.85499999998782));
#3977=VECTOR('',#4849,0.7169067787693);
#3978=CARTESIAN_POINT('',(-0.950000004769622,-5.62200000000088,-6.85499999998782));
#3979=CARTESIAN_POINT('',(-1.58999999523038,-5.62200000000088,-6.85499999998782));
#3980=VECTOR('',#4850,0.639999990460502);
#3981=CARTESIAN_POINT('',(-0.950000002499878,-1.33690677876809,-6.85499999998782));
#3982=VECTOR('',#4851,4.28509322123406);
#3983=CARTESIAN_POINT('',(-0.950000002499878,-1.33690677876809,-6.85499999998782));
#3984=VECTOR('',#4852,0.7169067787693);
#3985=CARTESIAN_POINT('',(-0.95000000000001,-0.31999999999999,-3.683));
#3986=CARTESIAN_POINT('',(-0.95000000000001,-0.31999999999999,-5.715));
#3987=CARTESIAN_POINT('',(-0.95000000000001,-0.31999999999999,-3.683));
#3988=VECTOR('',#4853,2.032);
#3989=CARTESIAN_POINT('',(-0.95000000000001,0.31999999999999,-3.683));
#3990=CARTESIAN_POINT('',(-0.95000000000001,-0.31999999999999,-3.683));
#3991=VECTOR('',#4854,0.63999999999998);
#3992=CARTESIAN_POINT('',(-0.95000000000001,0.31999999999999,-5.37499999999882));
#3993=CARTESIAN_POINT('',(-0.95000000000001,0.31999999999999,-5.37499999999882));
#3994=VECTOR('',#4855,1.69200000000009);
#3995=CARTESIAN_POINT('',(-0.95000000000001,0.747509593462202,-6.8326));
#3996=CARTESIAN_POINT('',(-0.95000000000001,0.747509593462202,-6.8326));
#3997=VECTOR('',#4856,1.519000399112);
#3998=CARTESIAN_POINT('',(-0.95000000000001,0.747509593462202,-7.5740000000012));
#3999=CARTESIAN_POINT('',(-0.95000000000001,0.747509593462202,-7.5740000000012));
#4000=VECTOR('',#4857,0.74139999999993);
#4001=CARTESIAN_POINT('',(-0.95000000000001,-1.33690677876809,-7.5740000000012));
#4002=VECTOR('',#4858,2.08441637223029);
#4003=CARTESIAN_POINT('',(-0.95000000000001,-0.61999999999879,-7.4949999999878));
#4004=CARTESIAN_POINT('',(-0.950000002499878,-1.33690677876809,-7.4949999999878));
#4005=VECTOR('',#4859,0.7169067787693);
#4006=CARTESIAN_POINT('',(-0.95000000000001,0.31999999999999,-6.55499999998902));
#4007=AXIS2_PLACEMENT_3D('',#4860,#4861,#4862);
#4008=CARTESIAN_POINT('',(-0.95000000000001,0.31999999999999,-5.715));
#4009=CARTESIAN_POINT('',(-0.95000000000001,0.31999999999999,-6.55499999998902));
#4010=VECTOR('',#4863,0.83999999998902);
#4011=CARTESIAN_POINT('',(-0.95000000000001,0.31999999999999,-5.715));
#4012=VECTOR('',#4864,0.63999999999998);
#4013=CARTESIAN_POINT('',(-0.95000000000001,-0.31999999999999,-6.55499999998902));
#4014=AXIS2_PLACEMENT_3D('',#4865,#4866,#4867);
#4015=CARTESIAN_POINT('',(-0.95000000000001,-0.820000000000022,-6.37400000000092));
#4016=CARTESIAN_POINT('',(-0.95000000000001,-0.820000000000022,-6.37400000000092));
#4017=VECTOR('',#4868,0.516906778768068);
#4018=CARTESIAN_POINT('',(-0.95000000000001,-0.31999999999999,-5.87400000000038));
#4019=AXIS2_PLACEMENT_3D('',#4869,#4870,#4871);
#4020=CARTESIAN_POINT('',(-0.95000000000001,-0.31999999999999,-5.87400000000038));
#4021=VECTOR('',#4872,0.680999999988894);
#4022=CARTESIAN_POINT('',(-1.58999999999999,0.31999999999999,-5.715));
#4023=CARTESIAN_POINT('',(-1.58999999999999,0.31999999999999,-5.715));
#4024=VECTOR('',#4873,0.63999999999998);
#4025=CARTESIAN_POINT('',(-1.58999999999999,-0.31999999999999,-5.715));
#4026=CARTESIAN_POINT('',(-1.58999999999999,0.31999999999999,-5.715));
#4027=VECTOR('',#4874,0.63999999999998);
#4028=CARTESIAN_POINT('',(-1.58999999999999,-0.31999999999999,-5.715));
#4029=VECTOR('',#4875,0.63999999999998);
#4030=CARTESIAN_POINT('',(-1.58999999999999,-0.31999999999999,-3.683));
#4031=CARTESIAN_POINT('',(-1.58999999999999,-0.31999999999999,-3.683));
#4032=VECTOR('',#4876,2.032);
#4033=CARTESIAN_POINT('',(-1.58999999999999,-0.31999999999999,-3.683));
#4034=VECTOR('',#4877,0.63999999999998);
#4035=CARTESIAN_POINT('',(-1.58999999999999,0.31999999999999,-3.683));
#4036=CARTESIAN_POINT('',(-1.58999999999999,-0.31999999999999,-3.683));
#4037=VECTOR('',#4878,0.63999999999998);
#4038=CARTESIAN_POINT('',(-1.58999999999999,0.31999999999999,-3.683));
#4039=VECTOR('',#4879,0.63999999999998);
#4040=CARTESIAN_POINT('',(-1.58999999999999,0.31999999999999,-5.37499999999882));
#4041=CARTESIAN_POINT('',(-1.58999999999999,0.31999999999999,-5.37499999999882));
#4042=VECTOR('',#4880,1.69200000000009);
#4043=CARTESIAN_POINT('',(-0.95000000000001,0.31999999999999,-5.37499999999882));
#4044=VECTOR('',#4881,0.63999999999998);
#4045=CARTESIAN_POINT('',(-1.58999999999999,0.747509593462202,-6.8326));
#4046=CARTESIAN_POINT('',(-1.58999999999999,0.747509593462202,-6.8326));
#4047=VECTOR('',#4882,1.519000399112);
#4048=CARTESIAN_POINT('',(-1.58999999999999,0.747509593462202,-6.8326));
#4049=VECTOR('',#4883,0.63999999999998);
#4050=CARTESIAN_POINT('',(-2.921,0.747509593462202,-6.8326));
#4051=VECTOR('',#4884,1.33100000000001);
#4052=CARTESIAN_POINT('',(2.921,1.53573427203662,-6.8326));
#4053=CARTESIAN_POINT('',(-2.921,1.53573427203662,-6.8326));
#4054=VECTOR('',#4885,5.842);
#4055=CARTESIAN_POINT('',(2.921,0.747509593462202,-6.8326));
#4056=CARTESIAN_POINT('',(2.921,0.747509593462202,-6.8326));
#4057=VECTOR('',#4886,0.788224678574414);
#4058=CARTESIAN_POINT('',(1.58999999999999,0.747509593462202,-6.8326));
#4059=CARTESIAN_POINT('',(1.58999999999999,0.747509593462202,-6.8326));
#4060=VECTOR('',#4887,1.33100000000001);
#4061=CARTESIAN_POINT('',(0.95000000000001,0.747509593462202,-6.8326));
#4062=CARTESIAN_POINT('',(0.95000000000001,0.747509593462202,-6.8326));
#4063=VECTOR('',#4888,0.63999999999998);
#4064=CARTESIAN_POINT('',(-0.95000000000001,0.747509593462202,-6.8326));
#4065=VECTOR('',#4889,1.90000000000002);
#4066=CARTESIAN_POINT('',(1.58999999999999,0.747509593462202,-7.5740000000012));
#4067=CARTESIAN_POINT('',(1.58999999999999,0.747509593462202,-7.5740000000012));
#4068=VECTOR('',#4890,0.74139999999993);
#4069=CARTESIAN_POINT('',(2.921,0.747509593462202,-7.874));
#4070=CARTESIAN_POINT('',(2.921,0.747509593462202,-7.874));
#4071=VECTOR('',#4891,1.0414);
#4072=CARTESIAN_POINT('',(1.89000000000006,0.747509593462202,-7.874));
#4073=CARTESIAN_POINT('',(1.89000000000006,0.747509593462202,-7.874));
#4074=VECTOR('',#4892,1.03099999999994);
#4075=AXIS2_PLACEMENT_3D('',#4893,#4894,#4895);
#4076=CARTESIAN_POINT('',(-1.89000000000006,0.747509593462202,-7.874));
#4077=CARTESIAN_POINT('',(-2.921,0.747509593462202,-7.874));
#4078=VECTOR('',#4896,1.03099999999994);
#4079=CARTESIAN_POINT('',(-1.58999999999999,0.747509593462202,-7.5740000000012));
#4080=CARTESIAN_POINT('',(-1.58999999999999,0.747509593462202,-7.5740000000012));
#4081=VECTOR('',#4897,0.74139999999993);
#4082=AXIS2_PLACEMENT_3D('',#4898,#4899,#4900);
#4083=CARTESIAN_POINT('',(0.95000000000001,0.747509593462202,-7.5740000000012));
#4084=CARTESIAN_POINT('',(0.95000000000001,0.747509593462202,-7.5740000000012));
#4085=VECTOR('',#4901,0.74139999999993);
#4086=CARTESIAN_POINT('',(0.64999999999994,0.747509593462202,-7.874));
#4087=AXIS2_PLACEMENT_3D('',#4902,#4903,#4904);
#4088=CARTESIAN_POINT('',(-0.64999999999994,0.747509593462202,-7.874));
#4089=CARTESIAN_POINT('',(-0.64999999999994,0.747509593462202,-7.874));
#4090=VECTOR('',#4905,1.29999999999988);
#4091=AXIS2_PLACEMENT_3D('',#4906,#4907,#4908);
#4092=CARTESIAN_POINT('',(1.58999999999999,-1.33690677876809,-7.5740000000012));
#4093=VECTOR('',#4909,2.08441637223029);
#4094=CARTESIAN_POINT('',(1.89000000000006,-1.33690677876809,-7.874));
#4095=VECTOR('',#4910,2.08441637223029);
#4096=CARTESIAN_POINT('',(2.921,-1.33690677876809,-7.874));
#4097=VECTOR('',#4911,2.08441637223029);
#4098=CARTESIAN_POINT('',(-1.89000000000006,-1.33690677876809,-7.874));
#4099=VECTOR('',#4912,2.08441637223029);
#4100=CARTESIAN_POINT('',(0.64999999999994,-1.33690677876809,-7.874));
#4101=VECTOR('',#4913,2.08441637223029);
#4102=CARTESIAN_POINT('',(-0.64999999999994,-1.33690677876809,-7.874));
#4103=VECTOR('',#4914,2.08441637223029);
#4104=CARTESIAN_POINT('',(2.921,1.53573427203662,-6.8326));
#4105=VECTOR('',#4915,1.1176);
#4106=CARTESIAN_POINT('',(-1.58999999999999,-1.33690677876809,-7.5740000000012));
#4107=VECTOR('',#4916,2.08441637223029);
#4108=CARTESIAN_POINT('',(-1.58999999999999,0.31999999999999,-6.55499999998902));
#4109=CARTESIAN_POINT('',(-1.58999999999999,0.31999999999999,-6.55499999998902));
#4110=VECTOR('',#4917,0.83999999998902);
#4111=CARTESIAN_POINT('',(-1.58999999999999,-0.61999999999879,-7.4949999999878));
#4112=AXIS2_PLACEMENT_3D('',#4918,#4919,#4920);
#4113=CARTESIAN_POINT('',(-1.58999999750012,-1.33690677876809,-7.4949999999878));
#4114=VECTOR('',#4921,0.7169067787693);
#4115=CARTESIAN_POINT('',(-1.58999999999999,-0.31999999999999,-5.87400000000038));
#4116=CARTESIAN_POINT('',(-1.58999999999999,-0.820000000000022,-6.37400000000092));
#4117=AXIS2_PLACEMENT_3D('',#4922,#4923,#4924);
#4118=CARTESIAN_POINT('',(-1.58999999999999,-0.820000000000022,-6.37400000000092));
#4119=VECTOR('',#4925,0.516906778768068);
#4120=CARTESIAN_POINT('',(-1.58999999999999,-0.31999999999999,-6.55499999998902));
#4121=AXIS2_PLACEMENT_3D('',#4926,#4927,#4928);
#4122=CARTESIAN_POINT('',(-1.58999999999999,-0.31999999999999,-5.87400000000038));
#4123=VECTOR('',#4929,0.680999999988894);
#4124=CARTESIAN_POINT('',(-0.950000004769622,-5.62200000000088,-7.4949999999878));
#4125=CARTESIAN_POINT('',(-0.950000004769622,-5.62200000000088,-7.4949999999878));
#4126=VECTOR('',#4930,4.28509322123406);
#4127=CARTESIAN_POINT('',(-1.58999999523038,-5.62200000000088,-7.4949999999878));
#4128=VECTOR('',#4931,0.639999990460502);
#4129=CARTESIAN_POINT('',(-1.58999999999999,-0.61999999999879,-7.4949999999878));
#4130=VECTOR('',#4932,0.63999999999998);
#4131=CARTESIAN_POINT('',(-1.58999999999999,0.31999999999999,-6.55499999998902));
#4132=VECTOR('',#4933,0.63999999999998);
#4133=CARTESIAN_POINT('',(-1.15000000499996,-6.22200000000102,-7.2949999999886));
#4134=CARTESIAN_POINT('',(-0.950000004769622,-5.62200000000088,-7.4949999999878));
#4135=VECTOR('',#4934,0.66332495814042);
#4136=CARTESIAN_POINT('',(-1.38999999500004,-6.22200000000102,-7.2949999999886));
#4137=CARTESIAN_POINT('',(-1.38999999500004,-6.22200000000102,-7.2949999999886));
#4138=VECTOR('',#4935,0.23999999);
#4139=CARTESIAN_POINT('',(-1.58999999523038,-5.62200000000088,-7.4949999999878));
#4140=VECTOR('',#4936,0.66332495814042);
#4141=CARTESIAN_POINT('',(-1.38999999500004,-6.22200000000102,-7.05499999998702));
#4142=CARTESIAN_POINT('',(-1.38999999500004,-6.22200000000102,-7.05499999998702));
#4143=VECTOR('',#4937,0.240000000000005);
#4144=CARTESIAN_POINT('',(-1.58999999523038,-5.62200000000088,-6.85499999998782));
#4145=VECTOR('',#4938,0.66332495814042);
#4146=CARTESIAN_POINT('',(-1.15000000499996,-6.22200000000102,-7.05499999998702));
#4147=CARTESIAN_POINT('',(-1.15000000499996,-6.22200000000102,-7.05499999998702));
#4148=VECTOR('',#4939,0.66332495814042);
#4149=CARTESIAN_POINT('',(-1.38999999500004,-6.22200000000102,-7.05499999998702));
#4150=VECTOR('',#4940,0.23999999);
#4151=CARTESIAN_POINT('',(-1.15000000499996,-6.22200000000102,-7.05499999998702));
#4152=VECTOR('',#4941,0.240000000000005);
#4153=CARTESIAN_POINT('',(-0.950000004769622,-5.62200000000088,-6.85499999998782));
#4154=VECTOR('',#4942,0.63999999999998);
#4155=CARTESIAN_POINT('',(-0.950000003750066,0.319999998750056,-3.3750000025011));
#4156=CARTESIAN_POINT('',(-0.950000005,0.31999999999999,2.32100000000011));
#4157=CARTESIAN_POINT('',(-0.950000003750066,0.319999998750056,-3.3750000025011));
#4158=VECTOR('',#4943,5.69600000250096);
#4159=CARTESIAN_POINT('',(-0.950000005,-0.31999999999999,2.32100000000011));
#4160=CARTESIAN_POINT('',(-0.950000005,0.31999999999999,2.32100000000011));
#4161=VECTOR('',#4944,0.63999999999998);
#4162=CARTESIAN_POINT('',(-0.950000003750066,-0.319999998750056,-3.3750000025011));
#4163=CARTESIAN_POINT('',(-0.950000005,-0.31999999999999,2.32100000000011));
#4164=VECTOR('',#4945,5.69600000250096);
#4165=CARTESIAN_POINT('',(-0.950000003750066,-0.319999998750056,-3.3750000025011));
#4166=VECTOR('',#4946,0.639999997500112);
#4167=CARTESIAN_POINT('',(-0.750000000000048,-0.519999999999952,-3.175));
#4168=CARTESIAN_POINT('',(-0.750000000000048,-0.519999999999952,-3.175));
#4169=VECTOR('',#4947,0.346410165844018);
#4170=CARTESIAN_POINT('',(-0.750000000000048,0.519999999999952,-3.175));
#4171=CARTESIAN_POINT('',(-0.750000000000048,-0.519999999999952,-3.175));
#4172=VECTOR('',#4948,1.0399999999999);
#4173=CARTESIAN_POINT('',(-0.750000000000048,0.519999999999952,-3.175));
#4174=VECTOR('',#4949,0.346410165844018);
#4175=CARTESIAN_POINT('',(-1.78999999999995,0.519999999999952,-3.175));
#4176=CARTESIAN_POINT('',(-1.78999999999995,0.519999999999952,-3.175));
#4177=VECTOR('',#4950,1.0399999999999);
#4178=CARTESIAN_POINT('',(-1.78999999999995,0.519999999999952,-3.175));
#4179=VECTOR('',#4951,0.346410165844018);
#4180=CARTESIAN_POINT('',(-1.58999999624993,0.319999998750056,-3.3750000025011));
#4181=VECTOR('',#4952,0.639999992500122);
#4182=CARTESIAN_POINT('',(-1.589999995,0.31999999999999,2.32100000000011));
#4183=VECTOR('',#4953,0.63999999);
#4184=CARTESIAN_POINT('',(-1.15000000499996,0.120000000000003,2.921));
#4185=CARTESIAN_POINT('',(-1.15000000499996,0.120000000000003,2.921));
#4186=VECTOR('',#4954,0.663324958071078);
#4187=CARTESIAN_POINT('',(-1.38999999500004,0.120000000000003,2.921));
#4188=CARTESIAN_POINT('',(-1.589999995,0.31999999999999,2.32100000000011));
#4189=VECTOR('',#4955,0.663324958071078);
#4190=CARTESIAN_POINT('',(-1.38999999500004,0.120000000000003,2.921));
#4191=VECTOR('',#4956,0.23999999);
#4192=CARTESIAN_POINT('',(-1.38999999500004,-0.120000000000003,2.921));
#4193=CARTESIAN_POINT('',(-1.15000000499996,-0.120000000000003,2.921));
#4194=CARTESIAN_POINT('',(-1.38999999500004,-0.120000000000003,2.921));
#4195=VECTOR('',#4957,0.23999999);
#4196=CARTESIAN_POINT('',(-1.15000000499996,0.120000000000003,2.921));
#4197=VECTOR('',#4958,0.240000000000005);
#4198=CARTESIAN_POINT('',(-1.38999999500004,0.120000000000003,2.921));
#4199=VECTOR('',#4959,0.240000000000005);
#4200=CARTESIAN_POINT('',(-1.589999995,-0.31999999999999,2.32100000000011));
#4201=VECTOR('',#4960,0.663324958071078);
#4202=CARTESIAN_POINT('',(-0.950000005,-0.31999999999999,2.32100000000011));
#4203=VECTOR('',#4961,0.663324958071078);
#4204=CARTESIAN_POINT('',(-1.589999995,-0.31999999999999,2.32100000000011));
#4205=VECTOR('',#4962,0.63999999);
#4206=CARTESIAN_POINT('',(-1.58999999624993,-0.319999998750056,-3.3750000025011));
#4207=VECTOR('',#4963,0.639999992500122);
#4208=CARTESIAN_POINT('',(-1.78999999999995,-0.519999999999952,-3.175));
#4209=CARTESIAN_POINT('',(-1.78999999999995,-0.519999999999952,-3.175));
#4210=VECTOR('',#4964,0.346410165844018);
#4211=CARTESIAN_POINT('',(-1.78999999999995,-0.519999999999952,-3.175));
#4212=VECTOR('',#4965,1.0399999999999);
#4213=CARTESIAN_POINT('',(2.667,-1.397,-3.175));
#4214=CARTESIAN_POINT('',(2.667,1.397,-3.175));
#4215=CARTESIAN_POINT('',(2.667,-1.397,-3.175));
#4216=VECTOR('',#4966,2.794);
#4217=CARTESIAN_POINT('',(1.524,1.397,-3.175));
#4218=CARTESIAN_POINT('',(2.667,1.397,-3.175));
#4219=VECTOR('',#4967,1.143);
#4220=CARTESIAN_POINT('',(1.524,2.54,-3.175));
#4221=CARTESIAN_POINT('',(1.524,2.54,-3.175));
#4222=VECTOR('',#4968,1.143);
#4223=CARTESIAN_POINT('',(-1.524,2.54,-3.175));
#4224=CARTESIAN_POINT('',(1.524,2.54,-3.175));
#4225=VECTOR('',#4969,3.048);
#4226=CARTESIAN_POINT('',(-1.524,1.397,-3.175));
#4227=CARTESIAN_POINT('',(-1.524,2.54,-3.175));
#4228=VECTOR('',#4970,1.143);
#4229=CARTESIAN_POINT('',(-2.667,1.397,-3.175));
#4230=CARTESIAN_POINT('',(-1.524,1.397,-3.175));
#4231=VECTOR('',#4971,1.143);
#4232=CARTESIAN_POINT('',(-2.667,-1.397,-3.175));
#4233=CARTESIAN_POINT('',(-2.667,1.397,-3.175));
#4234=VECTOR('',#4972,2.794);
#4235=CARTESIAN_POINT('',(-0.551810000000094,-1.397,-3.175));
#4236=CARTESIAN_POINT('',(-2.667,-1.397,-3.175));
#4237=VECTOR('',#4973,2.11518999999991);
#4238=CARTESIAN_POINT('',(-0.551810000000094,-1.397,-3.175));
#4239=VECTOR('',#4974,1.143);
#4240=CARTESIAN_POINT('',(0.718189999999906,-1.397,-3.175));
#4241=CARTESIAN_POINT('',(0.718189999999906,-2.54,-3.175));
#4242=VECTOR('',#4975,1.143);
#4243=CARTESIAN_POINT('',(0.718189999999906,-1.397,-3.175));
#4244=VECTOR('',#4976,1.94881000000009);
#4245=CARTESIAN_POINT('',(0.750000000000048,-0.519999999999952,-3.175));
#4246=CARTESIAN_POINT('',(1.78999999999995,-0.519999999999952,-3.175));
#4247=CARTESIAN_POINT('',(0.750000000000048,-0.519999999999952,-3.175));
#4248=VECTOR('',#4977,1.0399999999999);
#4249=CARTESIAN_POINT('',(0.750000000000048,0.519999999999952,-3.175));
#4250=CARTESIAN_POINT('',(0.750000000000048,-0.519999999999952,-3.175));
#4251=VECTOR('',#4978,1.0399999999999);
#4252=CARTESIAN_POINT('',(1.78999999999995,0.519999999999952,-3.175));
#4253=CARTESIAN_POINT('',(0.750000000000048,0.519999999999952,-3.175));
#4254=VECTOR('',#4979,1.0399999999999);
#4255=CARTESIAN_POINT('',(1.78999999999995,-0.519999999999952,-3.175));
#4256=VECTOR('',#4980,1.0399999999999);
#4257=CARTESIAN_POINT('',(-1.78999999999995,-0.519999999999952,-3.175));
#4258=VECTOR('',#4981,1.0399999999999);
#4259=CARTESIAN_POINT('',(-2.667,-1.397,5.21499999999946));
#4260=CARTESIAN_POINT('',(-2.667,-1.397,5.21499999999946));
#4261=VECTOR('',#4982,8.38999999999946);
#4262=CARTESIAN_POINT('',(-0.551810000000094,-1.397,5.21499999999946));
#4263=CARTESIAN_POINT('',(-2.667,-1.397,5.21499999999946));
#4264=VECTOR('',#4983,2.11518999999991);
#4265=CARTESIAN_POINT('',(-0.551810000000094,-1.397,-3.175));
#4266=VECTOR('',#4984,8.38999999999946);
#4267=CARTESIAN_POINT('',(0.718189999999906,-1.397,5.21499999999946));
#4268=CARTESIAN_POINT('',(2.667,-1.397,5.21499999999946));
#4269=CARTESIAN_POINT('',(0.718189999999906,-1.397,5.21499999999946));
#4270=VECTOR('',#4985,1.94881000000009);
#4271=CARTESIAN_POINT('',(2.667,-1.397,5.21499999999946));
#4272=VECTOR('',#4986,8.38999999999946);
#4273=CARTESIAN_POINT('',(0.718189999999906,-1.397,-3.175));
#4274=VECTOR('',#4987,8.38999999999946);
#4275=CARTESIAN_POINT('',(-0.551810000000094,-1.89700000000003,5.715));
#4276=VECTOR('',#4988,0.707106781186454);
#4277=CARTESIAN_POINT('',(-2.667,-1.397,5.21499999999946));
#4278=VECTOR('',#4989,0.866025403784438);
#4279=CARTESIAN_POINT('',(3.16700000000054,-1.89700000000003,5.715));
#4280=VECTOR('',#4990,0.866025403784438);
#4281=CARTESIAN_POINT('',(0.718189999999906,-1.89700000000003,5.715));
#4282=VECTOR('',#4991,0.707106781186454);
#4283=CARTESIAN_POINT('',(-2.667,2.921,5.21499999999946));
#4284=CARTESIAN_POINT('',(-3.16700000000054,3.42100000000054,5.715));
#4285=VECTOR('',#4992,0.866025403784438);
#4286=CARTESIAN_POINT('',(-2.667,-1.397,5.21499999999946));
#4287=VECTOR('',#4993,4.318);
#4288=CARTESIAN_POINT('',(-2.667,1.397,1.40499999999997));
#4289=CARTESIAN_POINT('',(-2.667,1.397,1.40499999999997));
#4290=VECTOR('',#4994,4.57999999999946);
#4291=CARTESIAN_POINT('',(-2.667,1.89700000000003,1.905));
#4292=CARTESIAN_POINT('',(-2.667,1.397,1.40499999999997));
#4293=VECTOR('',#4995,0.707106781186454);
#4294=CARTESIAN_POINT('',(-2.667,2.54,1.905));
#4295=CARTESIAN_POINT('',(-2.667,2.54,1.905));
#4296=VECTOR('',#4996,0.642999999999968);
#4297=CARTESIAN_POINT('',(-2.667,4.064,1.905));
#4298=CARTESIAN_POINT('',(-2.667,4.064,1.905));
#4299=VECTOR('',#4997,1.524);
#4300=CARTESIAN_POINT('',(-2.667,4.064,2.8448));
#4301=CARTESIAN_POINT('',(-2.667,4.064,1.905));
#4302=VECTOR('',#4998,0.9398);
#4303=CARTESIAN_POINT('',(-2.667,2.921,2.8448));
#4304=CARTESIAN_POINT('',(-2.667,4.064,2.8448));
#4305=VECTOR('',#4999,1.143);
#4306=CARTESIAN_POINT('',(-2.667,2.921,5.21499999999946));
#4307=VECTOR('',#5000,2.37019999999997);
#4308=CARTESIAN_POINT('',(-1.3208,2.921,4.191));
#4309=CARTESIAN_POINT('',(1.3208,2.921,4.191));
#4310=CARTESIAN_POINT('',(-1.3208,2.921,4.191));
#4311=VECTOR('',#5001,2.6416);
#4312=CARTESIAN_POINT('',(2.667,2.921,2.8448));
#4313=AXIS2_PLACEMENT_3D('',#5002,#5003,#5004);
#4314=CARTESIAN_POINT('',(2.667,2.921,5.21499999999946));
#4315=CARTESIAN_POINT('',(2.667,2.921,5.21499999999946));
#4316=VECTOR('',#5005,2.37019999999997);
#4317=CARTESIAN_POINT('',(2.667,2.921,5.21499999999946));
#4318=VECTOR('',#5006,5.334);
#4319=AXIS2_PLACEMENT_3D('',#5007,#5008,#5009);
#4320=CARTESIAN_POINT('',(-1.3208,4.064,4.191));
#4321=CARTESIAN_POINT('',(-1.3208,4.064,4.191));
#4322=VECTOR('',#5010,1.143);
#4323=AXIS2_PLACEMENT_3D('',#5011,#5012,#5013);
#4324=CARTESIAN_POINT('',(-3.683,4.064,1.905));
#4325=CARTESIAN_POINT('',(-3.683,4.064,1.905));
#4326=VECTOR('',#5014,1.016);
#4327=CARTESIAN_POINT('',(-3.683,4.064,1.905));
#4328=VECTOR('',#5015,3.81);
#4329=CARTESIAN_POINT('',(3.683,4.064,1.905));
#4330=CARTESIAN_POINT('',(3.683,4.064,1.905));
#4331=VECTOR('',#5016,3.81);
#4332=CARTESIAN_POINT('',(2.667,4.064,1.905));
#4333=CARTESIAN_POINT('',(2.667,4.064,1.905));
#4334=VECTOR('',#5017,1.016);
#4335=CARTESIAN_POINT('',(2.667,4.064,2.8448));
#4336=CARTESIAN_POINT('',(2.667,4.064,1.905));
#4337=VECTOR('',#5018,0.9398);
#4338=CARTESIAN_POINT('',(1.3208,4.064,4.191));
#4339=AXIS2_PLACEMENT_3D('',#5019,#5020,#5021);
#4340=CARTESIAN_POINT('',(-1.3208,4.064,4.191));
#4341=VECTOR('',#5022,2.6416);
#4342=CARTESIAN_POINT('',(1.3208,4.064,4.191));
#4343=VECTOR('',#5023,1.143);
#4344=CARTESIAN_POINT('',(2.667,4.064,2.8448));
#4345=VECTOR('',#5024,1.143);
#4346=CARTESIAN_POINT('',(2.667,1.89700000000003,1.905));
#4347=CARTESIAN_POINT('',(2.667,2.54,1.905));
#4348=CARTESIAN_POINT('',(2.667,1.89700000000003,1.905));
#4349=VECTOR('',#5025,0.642999999999968);
#4350=CARTESIAN_POINT('',(2.667,1.397,1.40499999999997));
#4351=CARTESIAN_POINT('',(2.667,1.397,1.40499999999997));
#4352=VECTOR('',#5026,0.707106781186454);
#4353=CARTESIAN_POINT('',(2.667,1.397,1.40499999999997));
#4354=VECTOR('',#5027,4.57999999999946);
#4355=CARTESIAN_POINT('',(2.667,2.921,5.21499999999946));
#4356=VECTOR('',#5028,4.318);
#4357=CARTESIAN_POINT('',(2.667,2.54,1.905));
#4358=VECTOR('',#5029,1.524);
#4359=CARTESIAN_POINT('',(-3.683,2.54,1.905));
#4360=CARTESIAN_POINT('',(-3.683,2.54,1.905));
#4361=VECTOR('',#5030,1.016);
#4362=CARTESIAN_POINT('',(-3.683,2.54,1.905));
#4363=VECTOR('',#5031,1.524);
#4364=CARTESIAN_POINT('',(3.683,2.54,1.905));
#4365=CARTESIAN_POINT('',(3.683,2.54,1.905));
#4366=VECTOR('',#5032,1.524);
#4367=CARTESIAN_POINT('',(2.667,2.54,1.905));
#4368=VECTOR('',#5033,1.016);
#4369=CARTESIAN_POINT('',(-3.683,2.54,5.715));
#4370=VECTOR('',#5034,3.81);
#4371=CARTESIAN_POINT('',(1.524,2.54,1.905));
#4372=CARTESIAN_POINT('',(1.524,2.54,1.905));
#4373=VECTOR('',#5035,1.143);
#4374=CARTESIAN_POINT('',(3.683,2.54,5.715));
#4375=VECTOR('',#5036,3.81);
#4376=CARTESIAN_POINT('',(3.68681,2.54,-5.715));
#4377=VECTOR('',#5037,11.43);
#4378=CARTESIAN_POINT('',(-1.524,2.54,1.905));
#4379=CARTESIAN_POINT('',(-2.667,2.54,1.905));
#4380=VECTOR('',#5038,1.143);
#4381=CARTESIAN_POINT('',(-1.524,2.54,-3.175));
#4382=VECTOR('',#5039,5.08);
#4383=CARTESIAN_POINT('',(1.524,2.54,1.905));
#4384=VECTOR('',#5040,5.08);
#4385=CARTESIAN_POINT('',(1.524,1.397,1.40499999999997));
#4386=CARTESIAN_POINT('',(1.524,1.397,-3.175));
#4387=VECTOR('',#5041,4.57999999999946);
#4388=CARTESIAN_POINT('',(1.524,1.89700000000003,1.905));
#4389=CARTESIAN_POINT('',(1.524,1.397,1.40499999999997));
#4390=VECTOR('',#5042,0.707106781186454);
#4391=CARTESIAN_POINT('',(1.524,1.89700000000003,1.905));
#4392=VECTOR('',#5043,0.642999999999968);
#4393=CARTESIAN_POINT('',(1.524,1.89700000000003,1.905));
#4394=VECTOR('',#5044,1.143);
#4395=CARTESIAN_POINT('',(-1.524,1.89700000000003,1.905));
#4396=CARTESIAN_POINT('',(-2.667,1.89700000000003,1.905));
#4397=VECTOR('',#5045,1.143);
#4398=CARTESIAN_POINT('',(-1.524,1.89700000000003,1.905));
#4399=VECTOR('',#5046,0.642999999999968);
#4400=CARTESIAN_POINT('',(1.524,1.397,1.40499999999997));
#4401=VECTOR('',#5047,1.143);
#4402=CARTESIAN_POINT('',(-1.524,1.397,1.40499999999997));
#4403=CARTESIAN_POINT('',(-2.667,1.397,1.40499999999997));
#4404=VECTOR('',#5048,1.143);
#4405=CARTESIAN_POINT('',(-1.524,1.397,-3.175));
#4406=VECTOR('',#5049,4.57999999999946);
#4407=CARTESIAN_POINT('',(-1.524,1.397,1.40499999999997));
#4408=VECTOR('',#5050,0.707106781186454);
#4409=CARTESIAN_POINT('',(3.68681,-0.94000000000005,5.715));
#4410=VECTOR('',#5051,11.43);
#4411=CARTESIAN_POINT('',(4.31681000000002,-0.94000000000005,5.715));
#4412=VECTOR('',#5052,11.43);
#4413=CARTESIAN_POINT('',(3.16700000000054,3.42100000000054,5.715));
#4414=VECTOR('',#5053,0.866025403784438);
#4415=CARTESIAN_POINT('',(1.58999999624993,-0.319999998750056,-3.3750000025011));
#4416=CARTESIAN_POINT('',(1.78999999999995,-0.519999999999952,-3.175));
#4417=VECTOR('',#5054,0.346410165844018);
#4418=CARTESIAN_POINT('',(1.58999999624993,0.319999998750056,-3.3750000025011));
#4419=CARTESIAN_POINT('',(1.78999999999995,0.519999999999952,-3.175));
#4420=VECTOR('',#5055,0.346410165844018);
#4421=CARTESIAN_POINT('',(1.58999999624993,-0.319999998750056,-3.3750000025011));
#4422=VECTOR('',#5056,0.639999997500112);
#4423=CARTESIAN_POINT('',(1.589999995,0.31999999999999,2.32100000000011));
#4424=CARTESIAN_POINT('',(1.589999995,-0.31999999999999,2.32100000000011));
#4425=CARTESIAN_POINT('',(1.589999995,0.31999999999999,2.32100000000011));
#4426=VECTOR('',#5057,0.63999999999998);
#4427=CARTESIAN_POINT('',(1.589999995,-0.31999999999999,2.32100000000011));
#4428=VECTOR('',#5058,5.69600000250096);
#4429=CARTESIAN_POINT('',(1.58999999624993,0.319999998750056,-3.3750000025011));
#4430=VECTOR('',#5059,5.69600000250096);
#4431=CARTESIAN_POINT('',(1.58999999523038,-5.62200000000088,-6.85499999998782));
#4432=CARTESIAN_POINT('',(1.58999999750012,-1.33690677876809,-6.85499999998782));
#4433=VECTOR('',#5060,4.28509322123406);
#4434=CARTESIAN_POINT('',(1.58999999523038,-5.62200000000088,-7.4949999999878));
#4435=CARTESIAN_POINT('',(1.58999999523038,-5.62200000000088,-6.85499999998782));
#4436=VECTOR('',#5061,0.63999999999998);
#4437=CARTESIAN_POINT('',(1.58999999523038,-5.62200000000088,-7.4949999999878));
#4438=VECTOR('',#5062,4.28509322123406);
#4439=CARTESIAN_POINT('',(0.950000005,0.31999999999999,2.32100000000011));
#4440=CARTESIAN_POINT('',(0.950000005,0.31999999999999,2.32100000000011));
#4441=VECTOR('',#5063,0.63999999);
#4442=CARTESIAN_POINT('',(0.950000003750066,0.319999998750056,-3.3750000025011));
#4443=CARTESIAN_POINT('',(0.950000003750066,0.319999998750056,-3.3750000025011));
#4444=VECTOR('',#5064,0.639999992500122);
#4445=CARTESIAN_POINT('',(0.950000003750066,0.319999998750056,-3.3750000025011));
#4446=VECTOR('',#5065,5.69600000250096);
#4447=CARTESIAN_POINT('',(0.950000003750066,-0.319999998750056,-3.3750000025011));
#4448=CARTESIAN_POINT('',(0.950000003750066,-0.319999998750056,-3.3750000025011));
#4449=VECTOR('',#5066,0.639999997500112);
#4450=CARTESIAN_POINT('',(0.950000005,-0.31999999999999,2.32100000000011));
#4451=CARTESIAN_POINT('',(0.950000005,-0.31999999999999,2.32100000000011));
#4452=VECTOR('',#5067,5.69600000250096);
#4453=CARTESIAN_POINT('',(0.950000005,0.31999999999999,2.32100000000011));
#4454=VECTOR('',#5068,0.63999999999998);
#4455=CARTESIAN_POINT('',(0.950000004769622,-5.62200000000088,-7.4949999999878));
#4456=CARTESIAN_POINT('',(0.950000004769622,-5.62200000000088,-7.4949999999878));
#4457=VECTOR('',#5069,4.28509322123406);
#4458=CARTESIAN_POINT('',(0.950000004769622,-5.62200000000088,-6.85499999998782));
#4459=CARTESIAN_POINT('',(0.950000004769622,-5.62200000000088,-6.85499999998782));
#4460=VECTOR('',#5070,0.63999999999998);
#4461=CARTESIAN_POINT('',(0.950000002499878,-1.33690677876809,-6.85499999998782));
#4462=VECTOR('',#5071,4.28509322123406);
#4463=CARTESIAN_POINT('',(1.15000000499996,-0.120000000000003,2.921));
#4464=CARTESIAN_POINT('',(0.950000005,-0.31999999999999,2.32100000000011));
#4465=VECTOR('',#5072,0.663324958071078);
#4466=CARTESIAN_POINT('',(1.15000000499996,0.120000000000003,2.921));
#4467=CARTESIAN_POINT('',(1.15000000499996,0.120000000000003,2.921));
#4468=VECTOR('',#5073,0.240000000000005);
#4469=CARTESIAN_POINT('',(0.950000005,0.31999999999999,2.32100000000011));
#4470=VECTOR('',#5074,0.663324958071078);
#4471=CARTESIAN_POINT('',(1.38999999500004,0.120000000000003,2.921));
#4472=CARTESIAN_POINT('',(1.38999999500004,0.120000000000003,2.921));
#4473=VECTOR('',#5075,0.663324958071078);
#4474=CARTESIAN_POINT('',(1.15000000499996,0.120000000000003,2.921));
#4475=VECTOR('',#5076,0.23999999);
#4476=CARTESIAN_POINT('',(1.38999999500004,-0.120000000000003,2.921));
#4477=CARTESIAN_POINT('',(1.15000000499996,-0.120000000000003,2.921));
#4478=VECTOR('',#5077,0.23999999);
#4479=CARTESIAN_POINT('',(1.38999999500004,0.120000000000003,2.921));
#4480=VECTOR('',#5078,0.240000000000005);
#4481=CARTESIAN_POINT('',(1.589999995,-0.31999999999999,2.32100000000011));
#4482=VECTOR('',#5079,0.663324958071078);
#4483=CARTESIAN_POINT('',(0.950000005,-0.31999999999999,2.32100000000011));
#4484=VECTOR('',#5080,0.63999999);
#4485=CARTESIAN_POINT('',(0.950000003750066,-0.319999998750056,-3.3750000025011));
#4486=VECTOR('',#5081,0.639999992500122);
#4487=CARTESIAN_POINT('',(0.750000000000048,-0.519999999999952,-3.175));
#4488=VECTOR('',#5082,0.346410165844018);
#4489=CARTESIAN_POINT('',(0.750000000000048,0.519999999999952,-3.175));
#4490=VECTOR('',#5083,0.346410165844018);
#4491=CARTESIAN_POINT('',(0.95000000000001,-0.61999999999879,-6.85499999998782));
#4492=CARTESIAN_POINT('',(1.58999999999999,-0.61999999999879,-6.85499999998782));
#4493=CARTESIAN_POINT('',(0.95000000000001,-0.61999999999879,-6.85499999998782));
#4494=VECTOR('',#5084,0.63999999999998);
#4495=CARTESIAN_POINT('',(0.950000002499878,-1.33690677876809,-6.85499999998782));
#4496=VECTOR('',#5085,0.7169067787693);
#4497=CARTESIAN_POINT('',(0.950000004769622,-5.62200000000088,-6.85499999998782));
#4498=VECTOR('',#5086,0.639999990460502);
#4499=CARTESIAN_POINT('',(1.58999999750012,-1.33690677876809,-6.85499999998782));
#4500=VECTOR('',#5087,0.7169067787693);
#4501=CARTESIAN_POINT('',(1.58999999999999,-0.31999999999999,-3.683));
#4502=CARTESIAN_POINT('',(1.58999999999999,-0.31999999999999,-5.715));
#4503=CARTESIAN_POINT('',(1.58999999999999,-0.31999999999999,-3.683));
#4504=VECTOR('',#5088,2.032);
#4505=CARTESIAN_POINT('',(1.58999999999999,0.31999999999999,-3.683));
#4506=CARTESIAN_POINT('',(1.58999999999999,-0.31999999999999,-3.683));
#4507=VECTOR('',#5089,0.63999999999998);
#4508=CARTESIAN_POINT('',(1.58999999999999,0.31999999999999,-5.37499999999882));
#4509=CARTESIAN_POINT('',(1.58999999999999,0.31999999999999,-5.37499999999882));
#4510=VECTOR('',#5090,1.69200000000009);
#4511=CARTESIAN_POINT('',(1.58999999999999,0.747509593462202,-6.8326));
#4512=VECTOR('',#5091,1.519000399112);
#4513=CARTESIAN_POINT('',(1.58999999999999,-0.61999999999879,-7.4949999999878));
#4514=CARTESIAN_POINT('',(1.58999999750012,-1.33690677876809,-7.4949999999878));
#4515=VECTOR('',#5092,0.7169067787693);
#4516=CARTESIAN_POINT('',(1.58999999999999,0.31999999999999,-6.55499999998902));
#4517=AXIS2_PLACEMENT_3D('',#5093,#5094,#5095);
#4518=CARTESIAN_POINT('',(1.58999999999999,0.31999999999999,-5.715));
#4519=CARTESIAN_POINT('',(1.58999999999999,0.31999999999999,-6.55499999998902));
#4520=VECTOR('',#5096,0.83999999998902);
#4521=CARTESIAN_POINT('',(1.58999999999999,0.31999999999999,-5.715));
#4522=VECTOR('',#5097,0.63999999999998);
#4523=CARTESIAN_POINT('',(1.58999999999999,-0.31999999999999,-6.55499999998902));
#4524=AXIS2_PLACEMENT_3D('',#5098,#5099,#5100);
#4525=CARTESIAN_POINT('',(1.58999999999999,-0.820000000000022,-6.37400000000092));
#4526=CARTESIAN_POINT('',(1.58999999999999,-0.820000000000022,-6.37400000000092));
#4527=VECTOR('',#5101,0.516906778768068);
#4528=CARTESIAN_POINT('',(1.58999999999999,-0.31999999999999,-5.87400000000038));
#4529=AXIS2_PLACEMENT_3D('',#5102,#5103,#5104);
#4530=CARTESIAN_POINT('',(1.58999999999999,-0.31999999999999,-5.87400000000038));
#4531=VECTOR('',#5105,0.680999999988894);
#4532=CARTESIAN_POINT('',(0.95000000000001,0.31999999999999,-5.715));
#4533=CARTESIAN_POINT('',(0.95000000000001,0.31999999999999,-5.715));
#4534=VECTOR('',#5106,0.63999999999998);
#4535=CARTESIAN_POINT('',(0.95000000000001,-0.31999999999999,-5.715));
#4536=CARTESIAN_POINT('',(0.95000000000001,0.31999999999999,-5.715));
#4537=VECTOR('',#5107,0.63999999999998);
#4538=CARTESIAN_POINT('',(0.95000000000001,-0.31999999999999,-5.715));
#4539=VECTOR('',#5108,0.63999999999998);
#4540=CARTESIAN_POINT('',(0.95000000000001,-0.31999999999999,-3.683));
#4541=CARTESIAN_POINT('',(0.95000000000001,-0.31999999999999,-3.683));
#4542=VECTOR('',#5109,2.032);
#4543=CARTESIAN_POINT('',(0.95000000000001,-0.31999999999999,-3.683));
#4544=VECTOR('',#5110,0.63999999999998);
#4545=CARTESIAN_POINT('',(0.95000000000001,0.31999999999999,-3.683));
#4546=CARTESIAN_POINT('',(0.95000000000001,-0.31999999999999,-3.683));
#4547=VECTOR('',#5111,0.63999999999998);
#4548=CARTESIAN_POINT('',(0.95000000000001,0.31999999999999,-3.683));
#4549=VECTOR('',#5112,0.63999999999998);
#4550=CARTESIAN_POINT('',(0.95000000000001,0.31999999999999,-5.37499999999882));
#4551=CARTESIAN_POINT('',(0.95000000000001,0.31999999999999,-5.37499999999882));
#4552=VECTOR('',#5113,1.69200000000009);
#4553=CARTESIAN_POINT('',(1.58999999999999,0.31999999999999,-5.37499999999882));
#4554=VECTOR('',#5114,0.63999999999998);
#4555=CARTESIAN_POINT('',(0.95000000000001,0.747509593462202,-6.8326));
#4556=VECTOR('',#5115,1.519000399112);
#4557=CARTESIAN_POINT('',(0.95000000000001,0.31999999999999,-6.55499999998902));
#4558=CARTESIAN_POINT('',(0.95000000000001,0.31999999999999,-6.55499999998902));
#4559=VECTOR('',#5116,0.83999999998902);
#4560=CARTESIAN_POINT('',(0.95000000000001,-0.61999999999879,-7.4949999999878));
#4561=AXIS2_PLACEMENT_3D('',#5117,#5118,#5119);
#4562=CARTESIAN_POINT('',(0.950000002499878,-1.33690677876809,-7.4949999999878));
#4563=VECTOR('',#5120,0.7169067787693);
#4564=CARTESIAN_POINT('',(0.95000000000001,-1.33690677876809,-7.5740000000012));
#4565=VECTOR('',#5121,2.08441637223029);
#4566=CARTESIAN_POINT('',(0.95000000000001,-0.31999999999999,-5.87400000000038));
#4567=CARTESIAN_POINT('',(0.95000000000001,-0.820000000000022,-6.37400000000092));
#4568=AXIS2_PLACEMENT_3D('',#5122,#5123,#5124);
#4569=CARTESIAN_POINT('',(0.95000000000001,-0.820000000000022,-6.37400000000092));
#4570=VECTOR('',#5125,0.516906778768068);
#4571=CARTESIAN_POINT('',(0.95000000000001,-0.31999999999999,-6.55499999998902));
#4572=AXIS2_PLACEMENT_3D('',#5126,#5127,#5128);
#4573=CARTESIAN_POINT('',(0.95000000000001,-0.31999999999999,-5.87400000000038));
#4574=VECTOR('',#5129,0.680999999988894);
#4575=CARTESIAN_POINT('',(0.950000004769622,-5.62200000000088,-7.4949999999878));
#4576=VECTOR('',#5130,0.639999990460502);
#4577=CARTESIAN_POINT('',(0.95000000000001,-0.61999999999879,-7.4949999999878));
#4578=VECTOR('',#5131,0.63999999999998);
#4579=CARTESIAN_POINT('',(0.95000000000001,0.31999999999999,-6.55499999998902));
#4580=VECTOR('',#5132,0.63999999999998);
#4581=CARTESIAN_POINT('',(1.38999999500004,-6.22200000000102,-7.2949999999886));
#4582=CARTESIAN_POINT('',(1.58999999523038,-5.62200000000088,-7.4949999999878));
#4583=VECTOR('',#5133,0.66332495814042);
#4584=CARTESIAN_POINT('',(1.15000000499996,-6.22200000000102,-7.2949999999886));
#4585=CARTESIAN_POINT('',(1.15000000499996,-6.22200000000102,-7.2949999999886));
#4586=VECTOR('',#5134,0.23999999);
#4587=CARTESIAN_POINT('',(0.950000004769622,-5.62200000000088,-7.4949999999878));
#4588=VECTOR('',#5135,0.66332495814042);
#4589=CARTESIAN_POINT('',(1.15000000499996,-6.22200000000102,-7.05499999998702));
#4590=CARTESIAN_POINT('',(1.15000000499996,-6.22200000000102,-7.05499999998702));
#4591=VECTOR('',#5136,0.240000000000005);
#4592=CARTESIAN_POINT('',(0.950000004769622,-5.62200000000088,-6.85499999998782));
#4593=VECTOR('',#5137,0.66332495814042);
#4594=CARTESIAN_POINT('',(1.38999999500004,-6.22200000000102,-7.05499999998702));
#4595=CARTESIAN_POINT('',(1.38999999500004,-6.22200000000102,-7.05499999998702));
#4596=VECTOR('',#5138,0.66332495814042);
#4597=CARTESIAN_POINT('',(1.15000000499996,-6.22200000000102,-7.05499999998702));
#4598=VECTOR('',#5139,0.23999999);
#4599=CARTESIAN_POINT('',(1.38999999500004,-6.22200000000102,-7.05499999998702));
#4600=VECTOR('',#5140,0.240000000000005);
#4601=CARTESIAN_POINT('',(0.95000000000001,-0.31999999999999,-5.87400000000038));
#4602=VECTOR('',#5141,0.63999999999998);
#4603=CARTESIAN_POINT('',(0.95000000000001,-0.31999999999999,-6.55499999998902));
#4604=VECTOR('',#5142,0.63999999999998);
#4605=CARTESIAN_POINT('',(1.58999999999999,-0.820000000000022,-6.37400000000092));
#4606=VECTOR('',#5143,0.63999999999998);
#4607=CARTESIAN_POINT('',(-1.58999999999999,-0.31999999999999,-5.87400000000038));
#4608=VECTOR('',#5144,0.63999999999998);
#4609=CARTESIAN_POINT('',(-1.58999999999999,-0.31999999999999,-6.55499999998902));
#4610=VECTOR('',#5145,0.63999999999998);
#4611=CARTESIAN_POINT('',(-0.95000000000001,-0.820000000000022,-6.37400000000092));
#4612=VECTOR('',#5146,0.63999999999998);
#4613=CARTESIAN_POINT('',(1.9968099999999,-2.921,0.522499999999942));
#4614=VECTOR('',#5147,6.23749999999918);
#4615=CARTESIAN_POINT('',(1.9968099999999,-2.921,5.715));
#4616=VECTOR('',#5148,3.28750000000082);
#4617=CARTESIAN_POINT('',(-1.397,-4.191,0.522499999999942));
#4618=VECTOR('',#5149,1.905);
#4619=CARTESIAN_POINT('',(-1.016,-4.6482,0.522499999999942));
#4620=VECTOR('',#5150,1.905);
#4621=CARTESIAN_POINT('',(-1.016,-5.1562,0.522499999999942));
#4622=VECTOR('',#5151,1.905);
#4623=CARTESIAN_POINT('',(-1.8669,-6.731,0.522499999999942));
#4624=VECTOR('',#5152,1.905);
#4625=CARTESIAN_POINT('',(-2.0701,-6.731,0.522499999999942));
#4626=VECTOR('',#5153,1.905);
#4627=CARTESIAN_POINT('',(-2.0701,-3.3401,0.522499999999942));
#4628=VECTOR('',#5154,1.905);
#4629=CARTESIAN_POINT('',(-3.0099,-3.3401,0.522499999999942));
#4630=VECTOR('',#5155,1.905);
#4631=CARTESIAN_POINT('',(-3.0099,-6.731,0.522499999999942));
#4632=VECTOR('',#5156,1.905);
#4633=CARTESIAN_POINT('',(-3.2131,-6.731,0.522499999999942));
#4634=VECTOR('',#5157,1.905);
#4635=CARTESIAN_POINT('',(-4.064,-5.1562,0.522499999999942));
#4636=VECTOR('',#5158,1.905);
#4637=CARTESIAN_POINT('',(-4.064,-4.6482,0.522499999999942));
#4638=VECTOR('',#5159,1.905);
#4639=CARTESIAN_POINT('',(3.683,-4.191,0.522499999999942));
#4640=VECTOR('',#5160,1.905);
#4641=CARTESIAN_POINT('',(4.064,-4.6482,0.522499999999942));
#4642=VECTOR('',#5161,1.905);
#4643=CARTESIAN_POINT('',(4.064,-5.1562,0.522499999999942));
#4644=VECTOR('',#5162,1.905);
#4645=CARTESIAN_POINT('',(3.2131,-6.731,0.522499999999942));
#4646=VECTOR('',#5163,1.905);
#4647=CARTESIAN_POINT('',(3.0099,-6.731,0.522499999999942));
#4648=VECTOR('',#5164,1.905);
#4649=CARTESIAN_POINT('',(3.0099,-3.3401,0.522499999999942));
#4650=VECTOR('',#5165,1.905);
#4651=CARTESIAN_POINT('',(2.0701,-3.3401,0.522499999999942));
#4652=VECTOR('',#5166,1.905);
#4653=CARTESIAN_POINT('',(2.0701,-6.731,0.522499999999942));
#4654=VECTOR('',#5167,1.905);
#4655=CARTESIAN_POINT('',(1.8669,-6.731,0.522499999999942));
#4656=VECTOR('',#5168,1.905);
#4657=CARTESIAN_POINT('',(1.016,-5.1562,0.522499999999942));
#4658=VECTOR('',#5169,1.905);
#4659=CARTESIAN_POINT('',(1.016,-4.6482,0.522499999999942));
#4660=VECTOR('',#5170,1.905);
#4661=CARTESIAN_POINT('',(1.397,-4.191,0.522499999999942));
#4662=VECTOR('',#5171,1.905);
#4663=DIRECTION('',(0.0,-1.0,0.0));
#4664=DIRECTION('',(0.0,0.0,1.0));
#4665=DIRECTION('',(0.0,1.0,0.0));
#4666=DIRECTION('',(0.0,0.0,-1.0));
#4667=DIRECTION('',(1.0,0.0,0.0));
#4668=DIRECTION('',(0.0,0.0,-1.0));
#4669=DIRECTION('',(1.0,0.0,0.0));
#4670=DIRECTION('',(0.0,-1.0,0.0));
#4671=DIRECTION('',(1.0,0.0,0.0));
#4672=DIRECTION('',(0.0,-1.0,0.0));
#4673=DIRECTION('',(1.0,0.0,0.0));
#4674=DIRECTION('',(0.0,-1.0,0.0));
#4675=DIRECTION('',(1.0,0.0,0.0));
#4676=DIRECTION('',(0.0,-1.0,0.0));
#4677=DIRECTION('',(1.0,0.0,0.0));
#4678=DIRECTION('',(0.0,1.0,0.0));
#4679=DIRECTION('',(1.0,0.0,0.0));
#4680=DIRECTION('',(-0.548608507555111,0.836079365513917,0.0));
#4681=DIRECTION('',(-0.548608507555111,-0.836079365513917,0.0));
#4682=DIRECTION('',(1.0,0.0,0.0));
#4683=DIRECTION('',(0.0,1.0,0.0));
#4684=DIRECTION('',(1.0,0.0,0.0));
#4685=DIRECTION('',(0.0,1.0,0.0));
#4686=DIRECTION('',(-1.0,0.0,0.0));
#4687=DIRECTION('',(0.0,-1.0,0.0));
#4688=DIRECTION('',(1.0,0.0,0.0));
#4689=DIRECTION('',(0.0,1.0,0.0));
#4690=DIRECTION('',(1.0,0.0,0.0));
#4691=DIRECTION('',(-0.548608507555111,0.836079365513917,0.0));
#4692=DIRECTION('',(-0.548608507555111,-0.836079365513917,0.0));
#4693=DIRECTION('',(1.0,0.0,0.0));
#4694=DIRECTION('',(0.0,0.0,1.0));
#4695=DIRECTION('',(1.0,0.0,0.0));
#4696=DIRECTION('',(0.0,0.0,-1.0));
#4697=DIRECTION('',(0.0,0.0,-1.0));
#4698=DIRECTION('',(1.0,0.0,0.0));
#4699=DIRECTION('',(0.0,0.0,-1.0));
#4700=DIRECTION('',(1.0,0.0,0.0));
#4701=DIRECTION('',(0.0,0.0,-1.0));
#4702=DIRECTION('',(1.0,0.0,0.0));
#4703=DIRECTION('',(0.0,0.0,-1.0));
#4704=DIRECTION('',(1.0,0.0,0.0));
#4705=DIRECTION('',(0.0,0.0,1.0));
#4706=DIRECTION('',(1.0,0.0,0.0));
#4707=DIRECTION('',(0.0,0.0,-1.0));
#4708=DIRECTION('',(0.0,0.0,-1.0));
#4709=DIRECTION('',(1.0,0.0,0.0));
#4710=DIRECTION('',(0.0,0.0,-1.0));
#4711=DIRECTION('',(0.0,0.0,-1.0));
#4712=DIRECTION('',(1.0,0.0,0.0));
#4713=DIRECTION('',(0.0,0.0,1.0));
#4714=DIRECTION('',(1.0,0.0,0.0));
#4715=DIRECTION('',(0.0,0.0,-1.0));
#4716=DIRECTION('',(1.0,0.0,0.0));
#4717=DIRECTION('',(0.0,0.0,-1.0));
#4718=DIRECTION('',(0.0,0.0,-1.0));
#4719=DIRECTION('',(1.0,0.0,0.0));
#4720=DIRECTION('',(0.0,0.0,1.0));
#4721=DIRECTION('',(1.0,0.0,0.0));
#4722=DIRECTION('',(-0.548608507555111,0.836079365513917,0.0));
#4723=DIRECTION('',(-0.548608507555111,-0.836079365513917,0.0));
#4724=DIRECTION('',(0.0,1.0,0.0));
#4725=DIRECTION('',(-0.64018439966448,0.768221279597376,0.0));
#4726=DIRECTION('',(0.0,1.0,0.0));
#4727=DIRECTION('',(0.475368629067096,0.879786716482392,0.0));
#4728=DIRECTION('',(1.0,0.0,0.0));
#4729=DIRECTION('',(0.0,-1.0,0.0));
#4730=CARTESIAN_POINT('',(-2.54,-3.3401,0.522499999999942));
#4731=DIRECTION('',(0.0,0.0,-1.0));
#4732=DIRECTION('',(-1.0,0.0,0.0));
#4733=DIRECTION('',(0.0,1.0,0.0));
#4734=DIRECTION('',(1.0,0.0,0.0));
#4735=DIRECTION('',(0.475368629067096,-0.879786716482392,0.0));
#4736=DIRECTION('',(0.0,-1.0,0.0));
#4737=DIRECTION('',(-0.64018439966448,-0.768221279597376,0.0));
#4738=DIRECTION('',(0.0,-1.0,0.0));
#4739=DIRECTION('',(-0.548608507555111,0.836079365513917,0.0));
#4740=DIRECTION('',(-0.548608507555111,-0.836079365513917,0.0));
#4741=DIRECTION('',(0.0,1.0,0.0));
#4742=DIRECTION('',(-0.64018439966448,0.768221279597376,0.0));
#4743=DIRECTION('',(0.0,1.0,0.0));
#4744=DIRECTION('',(0.475368629067096,0.879786716482392,0.0));
#4745=DIRECTION('',(1.0,0.0,0.0));
#4746=DIRECTION('',(0.0,-1.0,0.0));
#4747=CARTESIAN_POINT('',(2.54,-3.3401,0.522499999999942));
#4748=DIRECTION('',(0.0,0.0,-1.0));
#4749=DIRECTION('',(-1.0,0.0,0.0));
#4750=DIRECTION('',(0.0,1.0,0.0));
#4751=DIRECTION('',(1.0,0.0,0.0));
#4752=DIRECTION('',(0.475368629067096,-0.879786716482392,0.0));
#4753=DIRECTION('',(0.0,-1.0,0.0));
#4754=DIRECTION('',(-0.64018439966448,-0.768221279597376,0.0));
#4755=DIRECTION('',(0.0,-1.0,0.0));
#4756=DIRECTION('',(0.0,0.0,1.0));
#4757=DIRECTION('',(0.0,-1.0,0.0));
#4758=DIRECTION('',(-0.64018439966448,-0.768221279597376,0.0));
#4759=DIRECTION('',(0.0,-1.0,0.0));
#4760=DIRECTION('',(0.475368629067096,-0.879786716482392,0.0));
#4761=DIRECTION('',(1.0,0.0,0.0));
#4762=DIRECTION('',(0.0,1.0,0.0));
#4763=CARTESIAN_POINT('',(-2.54,-3.3401,2.42749999999994));
#4764=DIRECTION('',(0.0,0.0,-1.0));
#4765=DIRECTION('',(-1.0,0.0,0.0));
#4766=DIRECTION('',(0.0,-1.0,0.0));
#4767=DIRECTION('',(1.0,0.0,0.0));
#4768=DIRECTION('',(0.475368629067096,0.879786716482392,0.0));
#4769=DIRECTION('',(0.0,1.0,0.0));
#4770=DIRECTION('',(-0.64018439966448,0.768221279597376,0.0));
#4771=DIRECTION('',(0.0,1.0,0.0));
#4772=DIRECTION('',(-0.548608507555111,-0.836079365513917,0.0));
#4773=DIRECTION('',(-0.548608507555111,0.836079365513917,0.0));
#4774=DIRECTION('',(0.0,-1.0,0.0));
#4775=DIRECTION('',(-0.64018439966448,-0.768221279597376,0.0));
#4776=DIRECTION('',(0.0,-1.0,0.0));
#4777=DIRECTION('',(0.475368629067096,-0.879786716482392,0.0));
#4778=DIRECTION('',(1.0,0.0,0.0));
#4779=DIRECTION('',(0.0,1.0,0.0));
#4780=CARTESIAN_POINT('',(2.54,-3.3401,2.42749999999994));
#4781=DIRECTION('',(0.0,0.0,-1.0));
#4782=DIRECTION('',(-1.0,0.0,0.0));
#4783=DIRECTION('',(0.0,-1.0,0.0));
#4784=DIRECTION('',(1.0,0.0,0.0));
#4785=DIRECTION('',(0.475368629067096,0.879786716482392,0.0));
#4786=DIRECTION('',(0.0,1.0,0.0));
#4787=DIRECTION('',(-0.64018439966448,0.768221279597376,0.0));
#4788=DIRECTION('',(0.0,1.0,0.0));
#4789=DIRECTION('',(-0.548608507555111,-0.836079365513917,0.0));
#4790=DIRECTION('',(-0.548608507555111,0.836079365513917,0.0));
#4791=DIRECTION('',(-0.548608507555111,0.836079365513917,0.0));
#4792=DIRECTION('',(0.0,0.0,-1.0));
#4793=DIRECTION('',(0.0,0.0,-1.0));
#4794=DIRECTION('',(-0.548608507555111,-0.836079365513917,0.0));
#4795=DIRECTION('',(0.0,1.0,0.0));
#4796=DIRECTION('',(1.0,0.0,0.0));
#4797=DIRECTION('',(0.0,1.0,0.0));
#4798=DIRECTION('',(1.0,0.0,0.0));
#4799=DIRECTION('',(0.0,-1.0,0.0));
#4800=DIRECTION('',(-0.548608507555111,-0.836079365513917,0.0));
#4801=DIRECTION('',(-0.548608507555111,0.836079365513917,0.0));
#4802=DIRECTION('',(1.0,0.0,0.0));
#4803=DIRECTION('',(0.0,1.0,0.0));
#4804=DIRECTION('',(1.0,0.0,0.0));
#4805=DIRECTION('',(0.0,1.0,0.0));
#4806=DIRECTION('',(0.0,0.0,1.0));
#4807=DIRECTION('',(0.0,1.0,0.0));
#4808=DIRECTION('',(0.0,0.0,1.0));
#4809=DIRECTION('',(0.0,1.0,0.0));
#4810=DIRECTION('',(0.0,0.0,-1.0));
#4811=DIRECTION('',(5.197505287228E-09,0.0,-1.0));
#4812=DIRECTION('',(1.0,0.0,0.0));
#4813=DIRECTION('',(-5.197505287228E-09,0.0,-1.0));
#4814=DIRECTION('',(0.0,0.0,-1.0));
#4815=DIRECTION('',(3.164557016085E-08,0.0,-0.999999999999999));
#4816=CARTESIAN_POINT('',(-0.64999999999994,-1.33690677876809,-7.5740000000012));
#4817=DIRECTION('',(0.0,1.0,0.0));
#4818=DIRECTION('',(0.0,0.0,-1.0));
#4819=DIRECTION('',(1.0,0.0,0.0));
#4820=CARTESIAN_POINT('',(0.64999999999994,-1.33690677876809,-7.5740000000012));
#4821=DIRECTION('',(-0.0,1.0,0.0));
#4822=DIRECTION('',(1.0,0.0,0.0));
#4823=DIRECTION('',(-3.164557239183E-08,0.0,-0.999999999999999));
#4824=DIRECTION('',(0.0,0.0,-1.0));
#4825=DIRECTION('',(5.197505653647E-09,0.0,-1.0));
#4826=DIRECTION('',(1.0,0.0,0.0));
#4827=DIRECTION('',(-5.197504554388E-09,0.0,-1.0));
#4828=DIRECTION('',(0.0,0.0,-1.0));
#4829=DIRECTION('',(3.164556569887E-08,0.0,-0.999999999999999));
#4830=CARTESIAN_POINT('',(1.89000000000006,-1.33690677876809,-7.5740000000012));
#4831=DIRECTION('',(0.0,1.0,0.0));
#4832=DIRECTION('',(0.0,0.0,-1.0));
#4833=DIRECTION('',(1.0,0.0,0.0));
#4834=DIRECTION('',(0.0,0.0,-1.0));
#4835=DIRECTION('',(1.0,0.0,0.0));
#4836=CARTESIAN_POINT('',(-1.89000000000006,-1.33690677876809,-7.5740000000012));
#4837=DIRECTION('',(-0.0,1.0,0.0));
#4838=DIRECTION('',(1.0,0.0,0.0));
#4839=DIRECTION('',(-3.164557016085E-08,0.0,-0.999999999999999));
#4840=DIRECTION('',(0.0,0.0,-1.0));
#4841=DIRECTION('',(-5.296751699704E-10,1.0,0.0));
#4842=DIRECTION('',(0.0,0.0,-1.0));
#4843=DIRECTION('',(5.296751699704E-10,-1.0,0.0));
#4844=DIRECTION('',(-2.19452219935E-10,2.19452258613E-10,-1.0));
#4845=DIRECTION('',(0.0,-1.0,0.0));
#4846=DIRECTION('',(2.19452219935E-10,2.194522508774E-10,1.0));
#4847=DIRECTION('',(0.0,1.0,0.0));
#4848=DIRECTION('',(1.0,0.0,0.0));
#4849=DIRECTION('',(-3.487203799893E-09,1.0,0.0));
#4850=DIRECTION('',(1.0,0.0,0.0));
#4851=DIRECTION('',(-5.296751699704E-10,-1.0,0.0));
#4852=DIRECTION('',(3.487203799893E-09,1.0,0.0));
#4853=DIRECTION('',(0.0,0.0,-1.0));
#4854=DIRECTION('',(0.0,1.0,0.0));
#4855=DIRECTION('',(0.0,0.0,1.0));
#4856=DIRECTION('',(0.0,-0.281441396402595,0.959578418051884));
#4857=DIRECTION('',(0.0,0.0,1.0));
#4858=DIRECTION('',(0.0,1.0,0.0));
#4859=DIRECTION('',(3.487203554048E-09,1.0,0.0));
#4860=CARTESIAN_POINT('',(-0.95000000000001,-0.61999999999879,-6.55499999998902));
#4861=DIRECTION('',(1.0,0.0,0.0));
#4862=DIRECTION('',(0.0,0.0,-1.0));
#4863=DIRECTION('',(0.0,0.0,1.0));
#4864=DIRECTION('',(0.0,-1.0,0.0));
#4865=CARTESIAN_POINT('',(-0.95000000000001,-0.61999999999879,-6.55499999998902));
#4866=DIRECTION('',(1.0,0.0,0.0));
#4867=DIRECTION('',(0.0,0.0,-1.0));
#4868=DIRECTION('',(0.0,-1.0,0.0));
#4869=CARTESIAN_POINT('',(-0.95000000000001,-0.820000000000022,-5.87400000000038));
#4870=DIRECTION('',(-1.0,0.0,0.0));
#4871=DIRECTION('',(0.0,1.0,0.0));
#4872=DIRECTION('',(0.0,0.0,-1.0));
#4873=DIRECTION('',(1.0,0.0,0.0));
#4874=DIRECTION('',(0.0,-1.0,0.0));
#4875=DIRECTION('',(1.0,0.0,0.0));
#4876=DIRECTION('',(0.0,0.0,-1.0));
#4877=DIRECTION('',(1.0,0.0,0.0));
#4878=DIRECTION('',(0.0,1.0,0.0));
#4879=DIRECTION('',(1.0,0.0,0.0));
#4880=DIRECTION('',(0.0,0.0,1.0));
#4881=DIRECTION('',(-1.0,0.0,0.0));
#4882=DIRECTION('',(0.0,-0.281441396402595,0.959578418051884));
#4883=DIRECTION('',(1.0,0.0,0.0));
#4884=DIRECTION('',(1.0,0.0,0.0));
#4885=DIRECTION('',(1.0,0.0,0.0));
#4886=DIRECTION('',(0.0,1.0,0.0));
#4887=DIRECTION('',(1.0,0.0,0.0));
#4888=DIRECTION('',(1.0,0.0,0.0));
#4889=DIRECTION('',(1.0,0.0,0.0));
#4890=DIRECTION('',(0.0,0.0,1.0));
#4891=DIRECTION('',(0.0,0.0,1.0));
#4892=DIRECTION('',(1.0,0.0,0.0));
#4893=CARTESIAN_POINT('',(1.89000000000006,0.747509593462202,-7.5740000000012));
#4894=DIRECTION('',(0.0,1.0,0.0));
#4895=DIRECTION('',(0.0,0.0,-1.0));
#4896=DIRECTION('',(1.0,0.0,0.0));
#4897=DIRECTION('',(0.0,0.0,1.0));
#4898=CARTESIAN_POINT('',(-1.89000000000006,0.747509593462202,-7.5740000000012));
#4899=DIRECTION('',(-0.0,1.0,0.0));
#4900=DIRECTION('',(1.0,0.0,0.0));
#4901=DIRECTION('',(0.0,0.0,1.0));
#4902=CARTESIAN_POINT('',(0.64999999999994,0.747509593462202,-7.5740000000012));
#4903=DIRECTION('',(-0.0,1.0,0.0));
#4904=DIRECTION('',(1.0,0.0,0.0));
#4905=DIRECTION('',(1.0,0.0,0.0));
#4906=CARTESIAN_POINT('',(-0.64999999999994,0.747509593462202,-7.5740000000012));
#4907=DIRECTION('',(0.0,1.0,0.0));
#4908=DIRECTION('',(0.0,0.0,-1.0));
#4909=DIRECTION('',(0.0,1.0,0.0));
#4910=DIRECTION('',(0.0,1.0,0.0));
#4911=DIRECTION('',(0.0,1.0,0.0));
#4912=DIRECTION('',(0.0,1.0,0.0));
#4913=DIRECTION('',(0.0,1.0,0.0));
#4914=DIRECTION('',(0.0,1.0,0.0));
#4915=DIRECTION('',(0.0,0.0,1.0));
#4916=DIRECTION('',(0.0,1.0,0.0));
#4917=DIRECTION('',(0.0,0.0,1.0));
#4918=CARTESIAN_POINT('',(-1.58999999999999,-0.61999999999879,-6.55499999998902));
#4919=DIRECTION('',(1.0,0.0,0.0));
#4920=DIRECTION('',(0.0,0.0,-1.0));
#4921=DIRECTION('',(-3.487203799893E-09,1.0,0.0));
#4922=CARTESIAN_POINT('',(-1.58999999999999,-0.820000000000022,-5.87400000000038));
#4923=DIRECTION('',(-1.0,0.0,0.0));
#4924=DIRECTION('',(0.0,1.0,0.0));
#4925=DIRECTION('',(0.0,-1.0,0.0));
#4926=CARTESIAN_POINT('',(-1.58999999999999,-0.61999999999879,-6.55499999998902));
#4927=DIRECTION('',(1.0,0.0,0.0));
#4928=DIRECTION('',(0.0,0.0,-1.0));
#4929=DIRECTION('',(0.0,0.0,-1.0));
#4930=DIRECTION('',(5.296752111009E-10,1.0,0.0));
#4931=DIRECTION('',(1.0,0.0,0.0));
#4932=DIRECTION('',(1.0,0.0,0.0));
#4933=DIRECTION('',(1.0,0.0,0.0));
#4934=DIRECTION('',(-0.3015113448934,-0.9045340336386,0.3015113445462));
#4935=DIRECTION('',(1.0,0.0,0.0));
#4936=DIRECTION('',(0.3015113448934,-0.9045340336386,0.3015113445462));
#4937=DIRECTION('',(0.0,0.0,-1.0));
#4938=DIRECTION('',(0.3015113448934,-0.9045340336386,-0.3015113445462));
#4939=DIRECTION('',(0.3015113448934,0.9045340336386,0.3015113445462));
#4940=DIRECTION('',(1.0,0.0,0.0));
#4941=DIRECTION('',(0.0,0.0,-1.0));
#4942=DIRECTION('',(0.0,0.0,-1.0));
#4943=DIRECTION('',(-2.194522508774E-10,2.194522508774E-10,1.0));
#4944=DIRECTION('',(0.0,-1.0,0.0));
#4945=DIRECTION('',(2.194522818198E-10,2.194522508774E-10,-1.0));
#4946=DIRECTION('',(0.0,1.0,0.0));
#4947=DIRECTION('',(-0.577350272798092,0.577350265581192,-0.577350269189592));
#4948=DIRECTION('',(0.0,1.0,0.0));
#4949=DIRECTION('',(-0.577350272798092,-0.577350265581192,-0.577350269189592));
#4950=DIRECTION('',(1.0,0.0,0.0));
#4951=DIRECTION('',(0.577350272798092,-0.577350265581192,-0.577350269189592));
#4952=DIRECTION('',(1.0,0.0,0.0));
#4953=DIRECTION('',(1.0,0.0,0.0));
#4954=DIRECTION('',(0.301511344577791,0.301511344577791,-0.904534033733273));
#4955=DIRECTION('',(0.301511344577791,-0.301511344577791,0.904534033733273));
#4956=DIRECTION('',(1.0,0.0,0.0));
#4957=DIRECTION('',(1.0,0.0,0.0));
#4958=DIRECTION('',(0.0,-1.0,0.0));
#4959=DIRECTION('',(0.0,-1.0,0.0));
#4960=DIRECTION('',(0.301511344577791,0.301511344577791,0.904534033733273));
#4961=DIRECTION('',(-0.301511344577791,0.301511344577791,0.904534033733273));
#4962=DIRECTION('',(1.0,0.0,0.0));
#4963=DIRECTION('',(1.0,0.0,0.0));
#4964=DIRECTION('',(0.577350272798092,0.577350265581192,-0.577350269189592));
#4965=DIRECTION('',(1.0,0.0,0.0));
#4966=DIRECTION('',(0.0,1.0,0.0));
#4967=DIRECTION('',(-1.0,0.0,0.0));
#4968=DIRECTION('',(0.0,-1.0,0.0));
#4969=DIRECTION('',(-1.0,0.0,0.0));
#4970=DIRECTION('',(0.0,-1.0,0.0));
#4971=DIRECTION('',(-1.0,0.0,0.0));
#4972=DIRECTION('',(0.0,-1.0,0.0));
#4973=DIRECTION('',(1.0,0.0,0.0));
#4974=DIRECTION('',(0.0,-1.0,0.0));
#4975=DIRECTION('',(0.0,1.0,0.0));
#4976=DIRECTION('',(1.0,0.0,0.0));
#4977=DIRECTION('',(1.0,0.0,0.0));
#4978=DIRECTION('',(0.0,1.0,0.0));
#4979=DIRECTION('',(1.0,0.0,0.0));
#4980=DIRECTION('',(0.0,1.0,0.0));
#4981=DIRECTION('',(0.0,1.0,0.0));
#4982=DIRECTION('',(0.0,0.0,-1.0));
#4983=DIRECTION('',(1.0,0.0,0.0));
#4984=DIRECTION('',(0.0,0.0,1.0));
#4985=DIRECTION('',(1.0,0.0,0.0));
#4986=DIRECTION('',(0.0,0.0,-1.0));
#4987=DIRECTION('',(0.0,0.0,1.0));
#4988=DIRECTION('',(0.0,0.707106781186548,-0.707106781186548));
#4989=DIRECTION('',(-0.577350269189626,-0.577350269189626,0.577350269189626));
#4990=DIRECTION('',(-0.577350269189626,0.577350269189626,-0.577350269189626));
#4991=DIRECTION('',(0.0,0.707106781186548,-0.707106781186548));
#4992=DIRECTION('',(0.577350269189626,-0.577350269189626,-0.577350269189626));
#4993=DIRECTION('',(0.0,1.0,0.0));
#4994=DIRECTION('',(0.0,0.0,-1.0));
#4995=DIRECTION('',(0.0,0.707106781186548,0.707106781186548));
#4996=DIRECTION('',(0.0,-1.0,0.0));
#4997=DIRECTION('',(0.0,-1.0,0.0));
#4998=DIRECTION('',(0.0,0.0,1.0));
#4999=DIRECTION('',(0.0,-1.0,0.0));
#5000=DIRECTION('',(0.0,0.0,-1.0));
#5001=DIRECTION('',(1.0,0.0,0.0));
#5002=CARTESIAN_POINT('',(1.3208,2.921,2.8448));
#5003=DIRECTION('',(0.0,1.0,0.0));
#5004=DIRECTION('',(0.0,0.0,1.0));
#5005=DIRECTION('',(0.0,0.0,-1.0));
#5006=DIRECTION('',(-1.0,0.0,0.0));
#5007=CARTESIAN_POINT('',(-1.3208,2.921,2.8448));
#5008=DIRECTION('',(0.0,1.0,0.0));
#5009=DIRECTION('',(-1.0,0.0,0.0));
#5010=DIRECTION('',(0.0,-1.0,0.0));
#5011=CARTESIAN_POINT('',(-1.3208,4.064,2.8448));
#5012=DIRECTION('',(0.0,1.0,0.0));
#5013=DIRECTION('',(-1.0,0.0,0.0));
#5014=DIRECTION('',(1.0,0.0,0.0));
#5015=DIRECTION('',(0.0,0.0,1.0));
#5016=DIRECTION('',(0.0,0.0,1.0));
#5017=DIRECTION('',(1.0,0.0,0.0));
#5018=DIRECTION('',(0.0,0.0,1.0));
#5019=CARTESIAN_POINT('',(1.3208,4.064,2.8448));
#5020=DIRECTION('',(0.0,1.0,0.0));
#5021=DIRECTION('',(0.0,0.0,1.0));
#5022=DIRECTION('',(1.0,0.0,0.0));
#5023=DIRECTION('',(0.0,-1.0,0.0));
#5024=DIRECTION('',(0.0,-1.0,0.0));
#5025=DIRECTION('',(0.0,1.0,0.0));
#5026=DIRECTION('',(0.0,0.707106781186548,0.707106781186548));
#5027=DIRECTION('',(0.0,0.0,-1.0));
#5028=DIRECTION('',(0.0,-1.0,0.0));
#5029=DIRECTION('',(0.0,1.0,0.0));
#5030=DIRECTION('',(1.0,0.0,0.0));
#5031=DIRECTION('',(0.0,1.0,0.0));
#5032=DIRECTION('',(0.0,1.0,0.0));
#5033=DIRECTION('',(1.0,0.0,0.0));
#5034=DIRECTION('',(0.0,0.0,-1.0));
#5035=DIRECTION('',(1.0,0.0,0.0));
#5036=DIRECTION('',(0.0,0.0,-1.0));
#5037=DIRECTION('',(0.0,0.0,1.0));
#5038=DIRECTION('',(1.0,0.0,0.0));
#5039=DIRECTION('',(0.0,0.0,1.0));
#5040=DIRECTION('',(0.0,0.0,-1.0));
#5041=DIRECTION('',(0.0,0.0,1.0));
#5042=DIRECTION('',(0.0,0.707106781186548,0.707106781186548));
#5043=DIRECTION('',(0.0,1.0,0.0));
#5044=DIRECTION('',(1.0,0.0,0.0));
#5045=DIRECTION('',(1.0,0.0,0.0));
#5046=DIRECTION('',(0.0,1.0,0.0));
#5047=DIRECTION('',(1.0,0.0,0.0));
#5048=DIRECTION('',(1.0,0.0,0.0));
#5049=DIRECTION('',(0.0,0.0,1.0));
#5050=DIRECTION('',(0.0,0.707106781186548,0.707106781186548));
#5051=DIRECTION('',(0.0,0.0,-1.0));
#5052=DIRECTION('',(0.0,0.0,-1.0));
#5053=DIRECTION('',(-0.577350269189626,-0.577350269189626,-0.577350269189626));
#5054=DIRECTION('',(-0.577350272798092,0.577350265581192,-0.577350269189592));
#5055=DIRECTION('',(-0.577350272798092,-0.577350265581192,-0.577350269189592));
#5056=DIRECTION('',(0.0,1.0,0.0));
#5057=DIRECTION('',(0.0,-1.0,0.0));
#5058=DIRECTION('',(2.194522818198E-10,2.194522508774E-10,-1.0));
#5059=DIRECTION('',(-2.194522818198E-10,2.194522508774E-10,1.0));
#5060=DIRECTION('',(-5.296750877095E-10,-1.0,0.0));
#5061=DIRECTION('',(0.0,0.0,-1.0));
#5062=DIRECTION('',(5.296750877095E-10,1.0,0.0));
#5063=DIRECTION('',(1.0,0.0,0.0));
#5064=DIRECTION('',(1.0,0.0,0.0));
#5065=DIRECTION('',(2.194522818198E-10,2.194522508774E-10,1.0));
#5066=DIRECTION('',(0.0,1.0,0.0));
#5067=DIRECTION('',(-2.194522818198E-10,2.19452258613E-10,-1.0));
#5068=DIRECTION('',(0.0,-1.0,0.0));
#5069=DIRECTION('',(-5.296752111009E-10,1.0,0.0));
#5070=DIRECTION('',(0.0,0.0,-1.0));
#5071=DIRECTION('',(5.296752111009E-10,-1.0,0.0));
#5072=DIRECTION('',(0.301511344577791,0.301511344577791,0.904534033733273));
#5073=DIRECTION('',(0.0,-1.0,0.0));
#5074=DIRECTION('',(0.301511344577791,-0.301511344577791,0.904534033733273));
#5075=DIRECTION('',(0.301511344577791,0.301511344577791,-0.904534033733273));
#5076=DIRECTION('',(1.0,0.0,0.0));
#5077=DIRECTION('',(1.0,0.0,0.0));
#5078=DIRECTION('',(0.0,-1.0,0.0));
#5079=DIRECTION('',(-0.301511344577791,0.301511344577791,0.904534033733273));
#5080=DIRECTION('',(1.0,0.0,0.0));
#5081=DIRECTION('',(1.0,0.0,0.0));
#5082=DIRECTION('',(0.577350272798092,0.577350265581192,-0.577350269189592));
#5083=DIRECTION('',(0.577350272798092,-0.577350265581192,-0.577350269189592));
#5084=DIRECTION('',(1.0,0.0,0.0));
#5085=DIRECTION('',(-3.487204291583E-09,1.0,0.0));
#5086=DIRECTION('',(1.0,0.0,0.0));
#5087=DIRECTION('',(3.487203308203E-09,1.0,0.0));
#5088=DIRECTION('',(0.0,0.0,-1.0));
#5089=DIRECTION('',(0.0,1.0,0.0));
#5090=DIRECTION('',(0.0,0.0,1.0));
#5091=DIRECTION('',(0.0,-0.281441396402595,0.959578418051884));
#5092=DIRECTION('',(3.487203308203E-09,1.0,0.0));
#5093=CARTESIAN_POINT('',(1.58999999999999,-0.61999999999879,-6.55499999998902));
#5094=DIRECTION('',(1.0,0.0,0.0));
#5095=DIRECTION('',(0.0,0.0,-1.0));
#5096=DIRECTION('',(0.0,0.0,1.0));
#5097=DIRECTION('',(0.0,-1.0,0.0));
#5098=CARTESIAN_POINT('',(1.58999999999999,-0.61999999999879,-6.55499999998902));
#5099=DIRECTION('',(1.0,0.0,0.0));
#5100=DIRECTION('',(0.0,0.0,-1.0));
#5101=DIRECTION('',(0.0,-1.0,0.0));
#5102=CARTESIAN_POINT('',(1.58999999999999,-0.820000000000022,-5.87400000000038));
#5103=DIRECTION('',(-1.0,0.0,0.0));
#5104=DIRECTION('',(0.0,1.0,0.0));
#5105=DIRECTION('',(0.0,0.0,-1.0));
#5106=DIRECTION('',(1.0,0.0,0.0));
#5107=DIRECTION('',(0.0,-1.0,0.0));
#5108=DIRECTION('',(1.0,0.0,0.0));
#5109=DIRECTION('',(0.0,0.0,-1.0));
#5110=DIRECTION('',(1.0,0.0,0.0));
#5111=DIRECTION('',(0.0,1.0,0.0));
#5112=DIRECTION('',(1.0,0.0,0.0));
#5113=DIRECTION('',(0.0,0.0,1.0));
#5114=DIRECTION('',(-1.0,0.0,0.0));
#5115=DIRECTION('',(0.0,-0.281441396402595,0.959578418051884));
#5116=DIRECTION('',(0.0,0.0,1.0));
#5117=CARTESIAN_POINT('',(0.95000000000001,-0.61999999999879,-6.55499999998902));
#5118=DIRECTION('',(1.0,0.0,0.0));
#5119=DIRECTION('',(0.0,0.0,-1.0));
#5120=DIRECTION('',(-3.487204045738E-09,1.0,0.0));
#5121=DIRECTION('',(0.0,1.0,0.0));
#5122=CARTESIAN_POINT('',(0.95000000000001,-0.820000000000022,-5.87400000000038));
#5123=DIRECTION('',(-1.0,0.0,0.0));
#5124=DIRECTION('',(0.0,1.0,0.0));
#5125=DIRECTION('',(0.0,-1.0,0.0));
#5126=CARTESIAN_POINT('',(0.95000000000001,-0.61999999999879,-6.55499999998902));
#5127=DIRECTION('',(1.0,0.0,0.0));
#5128=DIRECTION('',(0.0,0.0,-1.0));
#5129=DIRECTION('',(0.0,0.0,-1.0));
#5130=DIRECTION('',(1.0,0.0,0.0));
#5131=DIRECTION('',(1.0,0.0,0.0));
#5132=DIRECTION('',(1.0,0.0,0.0));
#5133=DIRECTION('',(-0.3015113448934,-0.9045340336386,0.3015113445462));
#5134=DIRECTION('',(1.0,0.0,0.0));
#5135=DIRECTION('',(0.3015113448934,-0.9045340336386,0.3015113445462));
#5136=DIRECTION('',(0.0,0.0,-1.0));
#5137=DIRECTION('',(0.3015113448934,-0.9045340336386,-0.3015113445462));
#5138=DIRECTION('',(0.3015113448934,0.9045340336386,0.3015113445462));
#5139=DIRECTION('',(1.0,0.0,0.0));
#5140=DIRECTION('',(0.0,0.0,-1.0));
#5141=DIRECTION('',(1.0,0.0,0.0));
#5142=DIRECTION('',(1.0,0.0,0.0));
#5143=DIRECTION('',(-1.0,0.0,0.0));
#5144=DIRECTION('',(1.0,0.0,0.0));
#5145=DIRECTION('',(1.0,0.0,0.0));
#5146=DIRECTION('',(-1.0,0.0,0.0));
#5147=DIRECTION('',(0.0,0.0,-1.0));
#5148=DIRECTION('',(0.0,0.0,-1.0));
#5149=DIRECTION('',(0.0,0.0,1.0));
#5150=DIRECTION('',(0.0,0.0,1.0));
#5151=DIRECTION('',(0.0,0.0,1.0));
#5152=DIRECTION('',(0.0,0.0,1.0));
#5153=DIRECTION('',(0.0,0.0,1.0));
#5154=DIRECTION('',(0.0,0.0,1.0));
#5155=DIRECTION('',(0.0,0.0,1.0));
#5156=DIRECTION('',(0.0,0.0,1.0));
#5157=DIRECTION('',(0.0,0.0,1.0));
#5158=DIRECTION('',(0.0,0.0,1.0));
#5159=DIRECTION('',(0.0,0.0,1.0));
#5160=DIRECTION('',(0.0,0.0,1.0));
#5161=DIRECTION('',(0.0,0.0,1.0));
#5162=DIRECTION('',(0.0,0.0,1.0));
#5163=DIRECTION('',(0.0,0.0,1.0));
#5164=DIRECTION('',(0.0,0.0,1.0));
#5165=DIRECTION('',(0.0,0.0,1.0));
#5166=DIRECTION('',(0.0,0.0,1.0));
#5167=DIRECTION('',(0.0,0.0,1.0));
#5168=DIRECTION('',(0.0,0.0,1.0));
#5169=DIRECTION('',(0.0,0.0,1.0));
#5170=DIRECTION('',(0.0,0.0,1.0));
#5171=DIRECTION('',(0.0,0.0,1.0));
ENDSEC;
END-ISO-10303-21;
